-- Custom SQL migration file, put your code below! --
INSERT INTO "user" ("id", "theme", "oled_mode", "max_horizon", "recalc_currency", "default_currency", "is_unlimited", "accent", "first_day", "ai_enabled") VALUES
  ('00000000-0000-0000-0000-000000000000', 'auto', false, 3, 'USD', 'USD', false, 'orange', 'monday', false);
--> statement-breakpoint
INSERT INTO "categories" ("id", "color", "emoji", "title") VALUES
  ('44444444-0000-0000-0000-000000000001', '#7B68EE', '🎬', 'Video Streaming'),
  ('44444444-0000-0000-0000-000000000002', '#1DB954', '🎵', 'Music'),
  ('44444444-0000-0000-0000-000000000003', '#E74C3C', '🎮', 'Gaming'),
  ('44444444-0000-0000-0000-000000000004', '#795548', '📰', 'News & Reading'),
  ('44444444-0000-0000-0000-000000000005', '#FF6B35', '🤖', 'AI'),
  ('44444444-0000-0000-0000-000000000006', '#3498DB', '📋', 'Productivity'),
  ('44444444-0000-0000-0000-000000000007', '#A855F7', '🎨', 'Design & Creative'),
  ('44444444-0000-0000-0000-000000000008', '#2C3E50', '💻', 'Developer Tools'),
  ('44444444-0000-0000-0000-000000000009', '#8B3A3A', '☁️', 'Hosting & SaaS'),
  ('44444444-0000-0000-0000-000000000010', '#2196F3', '💾', 'Cloud Storage'),
  ('44444444-0000-0000-0000-000000000011', '#FFD700', '🔐', 'VPN & Security'),
  ('44444444-0000-0000-0000-000000000012', '#00BCD4', '💬', 'Communication & Social'),
  ('44444444-0000-0000-0000-000000000013', '#FF9800', '🛒', 'Shopping & Memberships'),
  ('44444444-0000-0000-0000-000000000014', '#4CAF50', '💪', 'Health & Fitness'),
  ('44444444-0000-0000-0000-000000000015', '#FF5722', '🍔', 'Food & Delivery'),
  ('44444444-0000-0000-0000-000000000016', '#009688', '🎓', 'Education'),
  ('44444444-0000-0000-0000-000000000017', '#607D8B', '💳', 'Finance & Insurance'),
  ('44444444-0000-0000-0000-000000000018', '#E91E63', '✨', 'Creator Platforms'),
  ('44444444-0000-0000-0000-000000000019', '#455A64', '🔧', 'Utilities & Bills'),
  ('44444444-0000-0000-0000-000000000020', '#9C27B0', '📦', 'Bundles');
--> statement-breakpoint
INSERT INTO "tenders" ("id", "emoji", "comment", "color", "is_card", "title") VALUES
  ('88888888-0000-0000-0000-000000000001', '💳', '', '#1A1F71', true, 'Credit Card'),
  ('88888888-0000-0000-0000-000000000002', '💳', '', '#1A8F71', true, 'Debit Card'),
  ('88888888-0000-0000-0000-000000000003', '💸', '', '#007F73', false, 'PayPal'),
  ('88888888-0000-0000-0000-000000000004', '🍎', '', '#000000', false, 'Apple Pay'),
  ('88888888-0000-0000-0000-000000000005', '🤖', '', '#4285F4', false, 'Google Pay'),
  ('88888888-0000-0000-0000-000000000006', '📱', '', '#4285F4', false, 'Samsung Pay'),
  ('88888888-0000-0000-0000-000000000007', '🏦', '', '#2C3E50', false, 'Bank Transfer'),
  ('88888888-0000-0000-0000-000000000008', '🪙', '', '#F7931A', false, 'Crypto'),
  ('88888888-0000-0000-0000-000000000009', '🎁', '', '#E74C3C', false, 'Gift Card'),
  ('88888888-0000-0000-0000-000000000011', '💊', '', '#8B3FFD', false, 'YooMoney'),
  ('88888888-0000-0000-0000-000000000012', '🧧', '', '#FFDD2D', false, 'Kaspi'),
  ('88888888-0000-0000-0000-000000000013', '🎟️', '', '#00BFFF', false, 'Alipay'),
  ('88888888-0000-0000-0000-000000000014', '🐲', '', '#07C160', false, 'WeChat Pay'),
  ('88888888-0000-0000-0000-000000000015', '⛓️💥', '', '#635BFF', false, 'Stripe'),
  ('88888888-0000-0000-0000-000000000016', '📨', '', '#3B7BBF', false, 'Direct Debit');
--> statement-breakpoint
INSERT INTO "services" ("id", "slug", "title", "color", "aliases", "category_id") VALUES
  ('55000001-0001-4000-8000-000000000001', 'peacock', 'Peacock', '#000000', '[]', '44444444-0000-0000-0000-000000000001'),
  ('55000001-0001-4000-8000-000000000002', 'mubi', 'MUBI', '#000000', '["муби"]', '44444444-0000-0000-0000-000000000001'),
  ('55000001-0001-4000-8000-000000000003', 'criterion-channel', 'Criterion Channel', '#000000', '[]', '44444444-0000-0000-0000-000000000001'),
  ('55000001-0001-4000-8000-000000000004', 'britbox', 'BritBox', '#1E1E40', '[]', '44444444-0000-0000-0000-000000000001'),
  ('55000001-0001-4000-8000-000000000005', 'shudder', 'Shudder', '#000000', '[]', '44444444-0000-0000-0000-000000000001'),
  ('55000001-0001-4000-8000-000000000006', 'starz', 'STARZ', '#000000', '[]', '44444444-0000-0000-0000-000000000001'),
  ('55000001-0001-4000-8000-000000000007', 'amc-plus', 'AMC+', '#000000', '[]', '44444444-0000-0000-0000-000000000001'),
  ('55000001-0001-4000-8000-000000000008', 'dazn', 'DAZN', '#F2F200', '[]', '44444444-0000-0000-0000-000000000001'),
  ('55000001-0001-4000-8000-000000000009', 'espn-plus', 'ESPN+', '#CC0000', '[]', '44444444-0000-0000-0000-000000000001'),
  ('55000001-0001-4000-8000-000000000010', 'viki', 'Viki', '#1A94DA', '[]', '44444444-0000-0000-0000-000000000001'),
  ('55000001-0001-4000-8000-000000000011', 'plex', 'Plex', '#EBAF00', '[]', '44444444-0000-0000-0000-000000000001'),
  ('55000001-0001-4000-8000-000000000012', 'wink', 'Wink', '#6B4CBA', '["винк"]', '44444444-0000-0000-0000-000000000001'),
  ('55000001-0001-4000-8000-000000000013', 'kion', 'KION', '#FF4545', '["кион"]', '44444444-0000-0000-0000-000000000001'),
  ('55000001-0001-4000-8000-000000000014', 'premier', 'Premier', '#E31937', '["премьер"]', '44444444-0000-0000-0000-000000000001'),
  ('55000001-0001-4000-8000-000000000015', 'start', 'START', '#FFC800', '["старт"]', '44444444-0000-0000-0000-000000000001'),
  ('55000001-0001-4000-8000-000000000016', 'more-tv', 'more.tv', '#01C06E', '[]', '44444444-0000-0000-0000-000000000001'),
  ('55000001-0001-4000-8000-000000000017', 'megogo', 'MEGOGO', '#47B26C', '["мегого"]', '44444444-0000-0000-0000-000000000001'),
  ('55000001-0001-4000-8000-000000000018', 'sweet-tv', 'Sweet TV', '#FF6B00', '[]', '44444444-0000-0000-0000-000000000001'),
  ('55000001-0001-4000-8000-000000000019', 'canal-plus', 'Canal+', '#000000', '[]', '44444444-0000-0000-0000-000000000001'),
  ('55000001-0001-4000-8000-000000000020', 'viaplay', 'Viaplay', '#DA1A5B', '[]', '44444444-0000-0000-0000-000000000001'),
  ('55000001-0001-4000-8000-000000000021', 'sky-showtime', 'SkyShowtime', '#0072ED', '[]', '44444444-0000-0000-0000-000000000001'),
  ('55000001-0001-4000-8000-000000000022', 'hotstar', 'JioHotstar', '#0C1927', '["хотстар"]', '44444444-0000-0000-0000-000000000001'),
  ('55000001-0001-4000-8000-000000000023', 'zee5', 'ZEE5', '#8230C5', '[]', '44444444-0000-0000-0000-000000000001'),
  ('55000001-0001-4000-8000-000000000024', 'sonyliv', 'SonyLIV', '#000000', '[]', '44444444-0000-0000-0000-000000000001'),
  ('55000001-0001-4000-8000-000000000025', 'bilibili', 'Bilibili', '#FB7299', '["билибили"]', '44444444-0000-0000-0000-000000000001'),
  ('55000001-0001-4000-8000-000000000026', 'iqiyi', 'iQIYI', '#1CC749', '[]', '44444444-0000-0000-0000-000000000001'),
  ('55000001-0001-4000-8000-000000000027', 'tencent-video', 'Tencent Video', '#FF6A00', '[]', '44444444-0000-0000-0000-000000000001'),
  ('55000001-0001-4000-8000-000000000028', 'wavve', 'Wavve', '#1B1F3B', '[]', '44444444-0000-0000-0000-000000000001'),
  ('55000001-0001-4000-8000-000000000029', 'tving', 'TVING', '#FF144E', '[]', '44444444-0000-0000-0000-000000000001'),
  ('55000001-0001-4000-8000-000000000030', 'u-next', 'U-NEXT', '#000000', '[]', '44444444-0000-0000-0000-000000000001'),
  ('55000001-0001-4000-8000-000000000031', 'abematv', 'AbemaTV', '#000000', '[]', '44444444-0000-0000-0000-000000000001'),
  ('55000001-0001-4000-8000-000000000032', 'nebula', 'Nebula', '#2B2D42', '[]', '44444444-0000-0000-0000-000000000001'),
  ('55000001-0001-4000-8000-000000000033', 'acorn-tv', 'Acorn TV', '#6DAC4F', '[]', '44444444-0000-0000-0000-000000000001'),
  ('55000001-0001-4000-8000-000000000034', 'tubi', 'Tubi', '#FA382F', '[]', '44444444-0000-0000-0000-000000000001'),
  ('55000001-0001-4000-8000-000000000035', 'fubo-tv', 'FuboTV', '#E7453C', '[]', '44444444-0000-0000-0000-000000000001'),
  ('55000001-0001-4000-8000-000000000036', 'youtube-tv', 'YouTube TV', '#FF0000', '["ютуб тв"]', '44444444-0000-0000-0000-000000000001'),
  ('55000001-0001-4000-8000-000000000037', 'sling-tv', 'Sling TV', '#1D64AE', '[]', '44444444-0000-0000-0000-000000000001'),
  ('55000001-0001-4000-8000-000000000038', 'pluto-tv', 'Pluto TV', '#000000', '[]', '44444444-0000-0000-0000-000000000001'),
  ('55000001-0001-4000-8000-000000000039', 'kinopub', 'Кинопаб', '#2E7D32', '["kinopub"]', '44444444-0000-0000-0000-000000000001'),
  ('55000001-0001-4000-8000-000000000040', 'amediateka', 'Амедиатека', '#1A237E', '["amediateka"]', '44444444-0000-0000-0000-000000000001'),
  ('55000001-0001-4000-8000-000000000041', 'crave', 'Crave', '#0038A8', '[]', '44444444-0000-0000-0000-000000000001'),
  ('55000001-0001-4000-8000-000000000042', 'stan', 'Stan', '#0082FF', '[]', '44444444-0000-0000-0000-000000000001'),
  ('55000001-0001-4000-8000-000000000043', 'hayu', 'Hayu', '#FF69B4', '[]', '44444444-0000-0000-0000-000000000001'),
  ('55000001-0001-4000-8000-000000000044', 'globoplay', 'Globoplay', '#F72B2D', '[]', '44444444-0000-0000-0000-000000000001'),
  ('55000001-0001-4000-8000-000000000045', 'showmax', 'Showmax', '#000000', '[]', '44444444-0000-0000-0000-000000000001'),
  ('55000001-0001-4000-8000-000000000046', 'vidio', 'Vidio', '#E91E63', '[]', '44444444-0000-0000-0000-000000000001'),
  ('55000001-0001-4000-8000-000000000047', 'shahid', 'Shahid', '#4CAF50', '[]', '44444444-0000-0000-0000-000000000001'),
  ('55000001-0001-4000-8000-000000000048', 'joyn', 'Joyn', '#009E3C', '[]', '44444444-0000-0000-0000-000000000001'),
  ('55000001-0001-4000-8000-000000000049', 'rtl-plus', 'RTL+', '#E4003A', '[]', '44444444-0000-0000-0000-000000000001'),
  ('55000001-0001-4000-8000-000000000050', 'magellan-tv', 'MagellanTV', '#1A237E', '[]', '44444444-0000-0000-0000-000000000001'),
  ('55000002-0001-4000-8000-000000000001', 'youtube-music', 'YouTube Music', '#FF0000', '["ютуб мьюзик"]', '44444444-0000-0000-0000-000000000002'),
  ('55000002-0001-4000-8000-000000000002', 'amazon-music', 'Amazon Music', '#25D1DA', '[]', '44444444-0000-0000-0000-000000000002'),
  ('55000002-0001-4000-8000-000000000003', 'soundcloud', 'SoundCloud', '#FF5500', '["саундклауд"]', '44444444-0000-0000-0000-000000000002'),
  ('55000002-0001-4000-8000-000000000004', 'pandora', 'Pandora', '#3668FF', '[]', '44444444-0000-0000-0000-000000000002'),
  ('55000002-0001-4000-8000-000000000005', 'qobuz', 'Qobuz', '#1989AC', '[]', '44444444-0000-0000-0000-000000000002'),
  ('55000002-0001-4000-8000-000000000006', 'siriusxm', 'SiriusXM', '#0000EB', '[]', '44444444-0000-0000-0000-000000000002'),
  ('55000002-0001-4000-8000-000000000007', 'iheartradio', 'iHeartRadio', '#C6002B', '[]', '44444444-0000-0000-0000-000000000002'),
  ('55000002-0001-4000-8000-000000000008', 'tunein', 'TuneIn', '#14D8CC', '[]', '44444444-0000-0000-0000-000000000002'),
  ('55000002-0001-4000-8000-000000000009', 'audiomack', 'Audiomack', '#FFA200', '[]', '44444444-0000-0000-0000-000000000002'),
  ('55000002-0001-4000-8000-000000000010', 'yandex-music', 'Яндекс Музыка', '#FFDB4D', '["yandex music"]', '44444444-0000-0000-0000-000000000002'),
  ('55000002-0001-4000-8000-000000000011', 'vk-music', 'VK Музыка', '#0077FF', '["vk music"]', '44444444-0000-0000-0000-000000000002'),
  ('55000002-0001-4000-8000-000000000012', 'zvuk', 'Звук', '#9B59B6', '["zvuk","сбер"]', '44444444-0000-0000-0000-000000000002'),
  ('55000002-0001-4000-8000-000000000013', 'gaana', 'Gaana', '#E72C30', '[]', '44444444-0000-0000-0000-000000000002'),
  ('55000002-0001-4000-8000-000000000014', 'jiosaavn', 'JioSaavn', '#2BC5B4', '[]', '44444444-0000-0000-0000-000000000002'),
  ('55000002-0001-4000-8000-000000000015', 'anghami', 'Anghami', '#6B19A8', '[]', '44444444-0000-0000-0000-000000000002'),
  ('55000002-0001-4000-8000-000000000016', 'boomplay', 'Boomplay', '#F5293D', '[]', '44444444-0000-0000-0000-000000000002'),
  ('55000002-0001-4000-8000-000000000017', 'melon', 'Melon', '#00CD3C', '["멜론"]', '44444444-0000-0000-0000-000000000002'),
  ('55000002-0001-4000-8000-000000000018', 'kkbox', 'KKBOX', '#11C8E8', '[]', '44444444-0000-0000-0000-000000000002'),
  ('55000002-0001-4000-8000-000000000019', 'joox', 'JOOX', '#00B900', '[]', '44444444-0000-0000-0000-000000000002'),
  ('55000002-0001-4000-8000-000000000020', 'netease-music', 'NetEase Music', '#DD001B', '["网易云"]', '44444444-0000-0000-0000-000000000002'),
  ('55000002-0001-4000-8000-000000000021', 'qq-music', 'QQ Music', '#31C27C', '["qq音乐"]', '44444444-0000-0000-0000-000000000002'),
  ('55000002-0001-4000-8000-000000000022', 'bandcamp', 'Bandcamp', '#629AA9', '[]', '44444444-0000-0000-0000-000000000002'),
  ('55000002-0001-4000-8000-000000000023', 'brain-fm', 'Brain.fm', '#29264B', '[]', '44444444-0000-0000-0000-000000000002'),
  ('55000002-0001-4000-8000-000000000024', 'endel', 'Endel', '#000000', '[]', '44444444-0000-0000-0000-000000000002'),
  ('55000002-0001-4000-8000-000000000025', 'epidemic-sound', 'Epidemic Sound', '#000000', '[]', '44444444-0000-0000-0000-000000000002'),
  ('55000002-0001-4000-8000-000000000026', 'artlist', 'Artlist', '#000000', '[]', '44444444-0000-0000-0000-000000000002'),
  ('55000002-0001-4000-8000-000000000027', 'splice', 'Splice', '#00DCAA', '[]', '44444444-0000-0000-0000-000000000002'),
  ('55000002-0001-4000-8000-000000000028', 'distrokid', 'DistroKid', '#000000', '[]', '44444444-0000-0000-0000-000000000002'),
  ('55000002-0001-4000-8000-000000000029', 'pocket-casts', 'Pocket Casts', '#F43E37', '[]', '44444444-0000-0000-0000-000000000002'),
  ('55000002-0001-4000-8000-000000000030', 'overcast', 'Overcast', '#FC7E0F', '[]', '44444444-0000-0000-0000-000000000002'),
  ('55000002-0001-4000-8000-000000000031', 'castro', 'Castro', '#00B265', '[]', '44444444-0000-0000-0000-000000000002'),
  ('55000002-0001-4000-8000-000000000032', 'podimo', 'Podimo', '#5364F9', '[]', '44444444-0000-0000-0000-000000000002'),
  ('55000002-0001-4000-8000-000000000033', 'castbox', 'Castbox', '#F55B23', '[]', '44444444-0000-0000-0000-000000000002'),
  ('55000002-0001-4000-8000-000000000034', 'luminary', 'Luminary', '#5100FF', '[]', '44444444-0000-0000-0000-000000000002'),
  ('55000002-0001-4000-8000-000000000035', 'mubert', 'Mubert', '#7C3AED', '[]', '44444444-0000-0000-0000-000000000002'),
  ('55000002-0001-4000-8000-000000000036', 'idagio', 'IDAGIO', '#2A2C2E', '[]', '44444444-0000-0000-0000-000000000002'),
  ('55000002-0001-4000-8000-000000000037', 'napster', 'Napster', '#000000', '[]', '44444444-0000-0000-0000-000000000002'),
  ('55000002-0001-4000-8000-000000000038', 'resso', 'Resso', '#2DDFBA', '[]', '44444444-0000-0000-0000-000000000002'),
  ('55000002-0001-4000-8000-000000000039', 'line-music', 'LINE Music', '#06C755', '[]', '44444444-0000-0000-0000-000000000002'),
  ('55000002-0001-4000-8000-000000000040', 'awa', 'AWA', '#FF6F61', '[]', '44444444-0000-0000-0000-000000000002'),
  ('55000002-0001-4000-8000-000000000041', 'genie-music', 'Genie Music', '#1F8EFA', '[]', '44444444-0000-0000-0000-000000000002'),
  ('55000002-0001-4000-8000-000000000042', 'bugs', 'Bugs!', '#FF3D55', '[]', '44444444-0000-0000-0000-000000000002'),
  ('55000002-0001-4000-8000-000000000043', 'shazam', 'Shazam', '#0088FF', '[]', '44444444-0000-0000-0000-000000000002'),
  ('55000002-0001-4000-8000-000000000044', 'tunecore', 'TuneCore', '#D81B60', '[]', '44444444-0000-0000-0000-000000000002'),
  ('55000002-0001-4000-8000-000000000045', 'landr', 'LANDR', '#000000', '[]', '44444444-0000-0000-0000-000000000002'),
  ('55000002-0001-4000-8000-000000000046', 'wondery', 'Wondery+', '#FF7F50', '[]', '44444444-0000-0000-0000-000000000002'),
  ('55000002-0001-4000-8000-000000000047', 'stingray-music', 'Stingray Music', '#007BFF', '[]', '44444444-0000-0000-0000-000000000002'),
  ('55000002-0001-4000-8000-000000000048', 'focus-at-will', 'Focus@Will', '#4A90D9', '[]', '44444444-0000-0000-0000-000000000002'),
  ('55000002-0001-4000-8000-000000000049', 'musicbed', 'Musicbed', '#000000', '[]', '44444444-0000-0000-0000-000000000002'),
  ('55000002-0001-4000-8000-000000000050', 'soundstripe', 'Soundstripe', '#000000', '[]', '44444444-0000-0000-0000-000000000002'),
  ('55000003-0001-4000-8000-000000000001', 'xbox-game-pass', 'Xbox Game Pass', '#107C10', '["геймпас"]', '44444444-0000-0000-0000-000000000003'),
  ('55000003-0001-4000-8000-000000000002', 'nintendo-switch-online', 'Nintendo Switch Online', '#E60012', '[]', '44444444-0000-0000-0000-000000000003'),
  ('55000003-0001-4000-8000-000000000003', 'ea-play', 'EA Play', '#000000', '[]', '44444444-0000-0000-0000-000000000003'),
  ('55000003-0001-4000-8000-000000000004', 'ubisoft-plus', 'Ubisoft+', '#000000', '[]', '44444444-0000-0000-0000-000000000003'),
  ('55000003-0001-4000-8000-000000000005', 'apple-arcade', 'Apple Arcade', '#000000', '[]', '44444444-0000-0000-0000-000000000003'),
  ('55000003-0001-4000-8000-000000000006', 'google-play-pass', 'Google Play Pass', '#01875F', '[]', '44444444-0000-0000-0000-000000000003'),
  ('55000003-0001-4000-8000-000000000007', 'geforce-now', 'GeForce NOW', '#76B900', '[]', '44444444-0000-0000-0000-000000000003'),
  ('55000003-0001-4000-8000-000000000008', 'steam', 'Steam', '#1B2838', '["стим"]', '44444444-0000-0000-0000-000000000003'),
  ('55000003-0001-4000-8000-000000000009', 'epic-games', 'Epic Games Store', '#2F2D2E', '["эпик"]', '44444444-0000-0000-0000-000000000003'),
  ('55000003-0001-4000-8000-000000000010', 'humble-bundle', 'Humble Bundle', '#CC2929', '[]', '44444444-0000-0000-0000-000000000003'),
  ('55000003-0001-4000-8000-000000000011', 'discord-nitro', 'Discord Nitro', '#5865F2', '["нитро"]', '44444444-0000-0000-0000-000000000003'),
  ('55000003-0001-4000-8000-000000000012', 'roblox', 'Roblox', '#E2231A', '["роблокс"]', '44444444-0000-0000-0000-000000000003'),
  ('55000003-0001-4000-8000-000000000013', 'minecraft-realms', 'Minecraft Realms', '#62B247', '["майнкрафт"]', '44444444-0000-0000-0000-000000000003'),
  ('55000003-0001-4000-8000-000000000014', 'wow', 'World of Warcraft', '#000000', '["вов","wow"]', '44444444-0000-0000-0000-000000000003'),
  ('55000003-0001-4000-8000-000000000015', 'ffxiv', 'Final Fantasy XIV', '#000000', '["фф14"]', '44444444-0000-0000-0000-000000000003'),
  ('55000003-0001-4000-8000-000000000016', 'eve-online', 'EVE Online', '#000000', '["ева"]', '44444444-0000-0000-0000-000000000003'),
  ('55000003-0001-4000-8000-000000000017', 'runescape', 'RuneScape', '#000000', '[]', '44444444-0000-0000-0000-000000000003'),
  ('55000003-0001-4000-8000-000000000018', 'genshin-impact', 'Genshin Impact', '#5ACCF5', '["геншин"]', '44444444-0000-0000-0000-000000000003'),
  ('55000003-0001-4000-8000-000000000019', 'honkai-star-rail', 'Honkai: Star Rail', '#000000', '["хонкай"]', '44444444-0000-0000-0000-000000000003'),
  ('55000003-0001-4000-8000-000000000020', 'fortnite', 'Fortnite', '#000000', '["фортнайт"]', '44444444-0000-0000-0000-000000000003'),
  ('55000003-0001-4000-8000-000000000021', 'valorant', 'Valorant', '#FF4655', '["валорант"]', '44444444-0000-0000-0000-000000000003'),
  ('55000003-0001-4000-8000-000000000022', 'league-of-legends', 'League of Legends', '#C28F2C', '["лол","lol"]', '44444444-0000-0000-0000-000000000003'),
  ('55000003-0001-4000-8000-000000000023', 'apex-legends', 'Apex Legends', '#CD3333', '["апекс"]', '44444444-0000-0000-0000-000000000003'),
  ('55000003-0001-4000-8000-000000000024', 'call-of-duty', 'Call of Duty', '#000000', '["код","cod"]', '44444444-0000-0000-0000-000000000003'),
  ('55000003-0001-4000-8000-000000000025', 'overwatch', 'Overwatch 2', '#F99E1A', '["овервотч"]', '44444444-0000-0000-0000-000000000003'),
  ('55000003-0001-4000-8000-000000000026', 'destiny-2', 'Destiny 2', '#000000', '["дестини"]', '44444444-0000-0000-0000-000000000003'),
  ('55000003-0001-4000-8000-000000000027', 'path-of-exile', 'Path of Exile', '#000000', '["поэ"]', '44444444-0000-0000-0000-000000000003'),
  ('55000003-0001-4000-8000-000000000028', 'warframe', 'Warframe', '#B0B0B0', '["варфрейм"]', '44444444-0000-0000-0000-000000000003'),
  ('55000003-0001-4000-8000-000000000029', 'albion-online', 'Albion Online', '#000000', '["альбион"]', '44444444-0000-0000-0000-000000000003'),
  ('55000003-0001-4000-8000-000000000030', 'black-desert', 'Black Desert Online', '#1C1C1C', '["бдо"]', '44444444-0000-0000-0000-000000000003'),
  ('55000003-0001-4000-8000-000000000031', 'lost-ark', 'Lost Ark', '#1D1D1D', '["лост арк"]', '44444444-0000-0000-0000-000000000003'),
  ('55000003-0001-4000-8000-000000000032', 'shadow-pc', 'Shadow PC', '#000000', '[]', '44444444-0000-0000-0000-000000000003'),
  ('55000003-0001-4000-8000-000000000033', 'boosteroid', 'Boosteroid', '#000000', '[]', '44444444-0000-0000-0000-000000000003'),
  ('55000003-0001-4000-8000-000000000034', 'gfn-ru', 'GFN.RU', '#76B900', '[]', '44444444-0000-0000-0000-000000000003'),
  ('55000003-0001-4000-8000-000000000035', 'vk-play', 'VK Play', '#0077FF', '["вк плей"]', '44444444-0000-0000-0000-000000000003'),
  ('55000003-0001-4000-8000-000000000036', 'iracing', 'iRacing', '#003D7C', '[]', '44444444-0000-0000-0000-000000000003'),
  ('55000003-0001-4000-8000-000000000037', 'dcs-world', 'DCS World', '#000000', '[]', '44444444-0000-0000-0000-000000000003'),
  ('55000003-0001-4000-8000-000000000038', 'msfs', 'MS Flight Simulator', '#000000', '[]', '44444444-0000-0000-0000-000000000003'),
  ('55000003-0001-4000-8000-000000000039', 'star-citizen', 'Star Citizen', '#000000', '[]', '44444444-0000-0000-0000-000000000003'),
  ('55000003-0001-4000-8000-000000000040', 'guild-wars-2', 'Guild Wars 2', '#C22828', '[]', '44444444-0000-0000-0000-000000000003'),
  ('55000003-0001-4000-8000-000000000041', 'new-world', 'New World', '#F0A500', '[]', '44444444-0000-0000-0000-000000000003'),
  ('55000003-0001-4000-8000-000000000042', 'netflix-games', 'Netflix Games', '#D12E25', '[]', '44444444-0000-0000-0000-000000000003'),
  ('55000003-0001-4000-8000-000000000043', 'navigraph', 'Navigraph', '#1A73E8', '[]', '44444444-0000-0000-0000-000000000003'),
  ('55000003-0001-4000-8000-000000000044', 'supercell', 'Supercell', '#000000', '["суперселл"]', '44444444-0000-0000-0000-000000000003'),
  ('55000003-0001-4000-8000-000000000045', 'fanatical', 'Fanatical', '#FF6D00', '[]', '44444444-0000-0000-0000-000000000003'),
  ('55000003-0001-4000-8000-000000000046', 'itch-io', 'itch.io', '#FA5C5C', '[]', '44444444-0000-0000-0000-000000000003'),
  ('55000003-0001-4000-8000-000000000047', 'second-life', 'Second Life', '#4EB954', '[]', '44444444-0000-0000-0000-000000000003'),
  ('55000003-0001-4000-8000-000000000048', 'gog', 'GOG', '#A343D5', '[]', '44444444-0000-0000-0000-000000000003'),
  ('55000003-0001-4000-8000-000000000049', 'antstream', 'Antstream Arcade', '#FFD700', '[]', '44444444-0000-0000-0000-000000000003'),
  ('55000003-0001-4000-8000-000000000050', 'zwift-gaming', 'Zwift', '#FC6719', '[]', '44444444-0000-0000-0000-000000000003'),
  ('55000004-0001-4000-8000-000000000001', 'nytimes', 'The New York Times', '#000000', '["nyt"]', '44444444-0000-0000-0000-000000000004'),
  ('55000004-0001-4000-8000-000000000002', 'washpost', 'The Washington Post', '#000000', '[]', '44444444-0000-0000-0000-000000000004'),
  ('55000004-0001-4000-8000-000000000003', 'wsj', 'The Wall Street Journal', '#000000', '[]', '44444444-0000-0000-0000-000000000004'),
  ('55000004-0001-4000-8000-000000000004', 'economist', 'The Economist', '#E3120B', '[]', '44444444-0000-0000-0000-000000000004'),
  ('55000004-0001-4000-8000-000000000005', 'ft', 'Financial Times', '#FFF1E5', '[]', '44444444-0000-0000-0000-000000000004'),
  ('55000004-0001-4000-8000-000000000006', 'bloomberg', 'Bloomberg', '#000000', '[]', '44444444-0000-0000-0000-000000000004'),
  ('55000004-0001-4000-8000-000000000007', 'substack', 'Substack', '#FF6719', '[]', '44444444-0000-0000-0000-000000000004'),
  ('55000004-0001-4000-8000-000000000008', 'the-atlantic', 'The Atlantic', '#000000', '[]', '44444444-0000-0000-0000-000000000004'),
  ('55000004-0001-4000-8000-000000000009', 'apple-news-plus', 'Apple News+', '#FC3158', '[]', '44444444-0000-0000-0000-000000000004'),
  ('55000004-0001-4000-8000-000000000010', 'audible', 'Audible', '#FF9900', '["аудибл"]', '44444444-0000-0000-0000-000000000004'),
  ('55000004-0001-4000-8000-000000000011', 'scribd', 'Scribd', '#1A7BBA', '[]', '44444444-0000-0000-0000-000000000004'),
  ('55000004-0001-4000-8000-000000000012', 'kindle-unlimited', 'Kindle Unlimited', '#FF9900', '["киндл"]', '44444444-0000-0000-0000-000000000004'),
  ('55000004-0001-4000-8000-000000000013', 'storytel', 'Storytel', '#FF6B35', '["сторител"]', '44444444-0000-0000-0000-000000000004'),
  ('55000004-0001-4000-8000-000000000014', 'bookmate', 'Bookmate', '#FF5500', '["букмейт"]', '44444444-0000-0000-0000-000000000004'),
  ('55000004-0001-4000-8000-000000000015', 'blinkist', 'Blinkist', '#05A57D', '[]', '44444444-0000-0000-0000-000000000004'),
  ('55000004-0001-4000-8000-000000000016', 'readly', 'Readly', '#E2003B', '[]', '44444444-0000-0000-0000-000000000004'),
  ('55000004-0001-4000-8000-000000000017', 'magzter', 'Magzter', '#E4002B', '[]', '44444444-0000-0000-0000-000000000004'),
  ('55000004-0001-4000-8000-000000000018', 'pressreader', 'PressReader', '#00A0E1', '[]', '44444444-0000-0000-0000-000000000004'),
  ('55000004-0001-4000-8000-000000000019', 'feedly', 'Feedly', '#2BB24C', '[]', '44444444-0000-0000-0000-000000000004'),
  ('55000004-0001-4000-8000-000000000020', 'pocket', 'Pocket', '#EF4156', '[]', '44444444-0000-0000-0000-000000000004'),
  ('55000004-0001-4000-8000-000000000021', 'instapaper', 'Instapaper', '#000000', '[]', '44444444-0000-0000-0000-000000000004'),
  ('55000004-0001-4000-8000-000000000022', 'flipboard', 'Flipboard', '#E12828', '[]', '44444444-0000-0000-0000-000000000004'),
  ('55000004-0001-4000-8000-000000000023', 'the-athletic', 'The Athletic', '#000000', '[]', '44444444-0000-0000-0000-000000000004'),
  ('55000004-0001-4000-8000-000000000024', 'litres', 'ЛитРес', '#FF6600', '["litres"]', '44444444-0000-0000-0000-000000000004'),
  ('55000004-0001-4000-8000-000000000025', 'mybook', 'MyBook', '#4A90D9', '["майбук"]', '44444444-0000-0000-0000-000000000004'),
  ('55000004-0001-4000-8000-000000000026', 'readwise', 'Readwise', '#FFB800', '[]', '44444444-0000-0000-0000-000000000004'),
  ('55000004-0001-4000-8000-000000000027', 'headway', 'Headway', '#FDE74C', '[]', '44444444-0000-0000-0000-000000000004'),
  ('55000004-0001-4000-8000-000000000028', 'rbc', 'РБК', '#E0162B', '["rbc"]', '44444444-0000-0000-0000-000000000004'),
  ('55000004-0001-4000-8000-000000000029', 'kommersant', 'Коммерсантъ', '#000000', '["kommersant"]', '44444444-0000-0000-0000-000000000004'),
  ('55000004-0001-4000-8000-000000000030', 'meduza', 'Meduza', '#000000', '["медуза"]', '44444444-0000-0000-0000-000000000004'),
  ('55000004-0001-4000-8000-000000000031', 'wired', 'WIRED', '#000000', '[]', '44444444-0000-0000-0000-000000000004'),
  ('55000004-0001-4000-8000-000000000032', 'the-new-yorker', 'The New Yorker', '#000000', '[]', '44444444-0000-0000-0000-000000000004'),
  ('55000004-0001-4000-8000-000000000033', 'national-geographic', 'National Geographic', '#FFCC00', '[]', '44444444-0000-0000-0000-000000000004'),
  ('55000004-0001-4000-8000-000000000034', 'forbes', 'Forbes', '#000000', '[]', '44444444-0000-0000-0000-000000000004'),
  ('55000004-0001-4000-8000-000000000035', 'inoreader', 'Inoreader', '#3F8FDE', '[]', '44444444-0000-0000-0000-000000000004'),
  ('55000004-0001-4000-8000-000000000036', 'kobo-plus', 'Kobo Plus', '#BF0000', '[]', '44444444-0000-0000-0000-000000000004'),
  ('55000004-0001-4000-8000-000000000037', 'le-monde', 'Le Monde', '#000000', '[]', '44444444-0000-0000-0000-000000000004'),
  ('55000004-0001-4000-8000-000000000038', 'der-spiegel', 'Der Spiegel', '#E64415', '[]', '44444444-0000-0000-0000-000000000004'),
  ('55000004-0001-4000-8000-000000000039', 'el-pais', 'El País', '#0077B6', '[]', '44444444-0000-0000-0000-000000000004'),
  ('55000004-0001-4000-8000-000000000040', 'nikkei', 'Nikkei Asia', '#003F87', '[]', '44444444-0000-0000-0000-000000000004'),
  ('55000004-0001-4000-8000-000000000041', 'scmp', 'South China Morning Post', '#FFCC00', '[]', '44444444-0000-0000-0000-000000000004'),
  ('55000004-0001-4000-8000-000000000042', 'techcrunch', 'TechCrunch', '#0A9E01', '[]', '44444444-0000-0000-0000-000000000004'),
  ('55000004-0001-4000-8000-000000000043', 'the-verge', 'The Verge', '#000000', '[]', '44444444-0000-0000-0000-000000000004'),
  ('55000004-0001-4000-8000-000000000044', 'nature', 'Nature', '#000000', '[]', '44444444-0000-0000-0000-000000000004'),
  ('55000004-0001-4000-8000-000000000045', 'the-information', 'The Information', '#000000', '[]', '44444444-0000-0000-0000-000000000004'),
  ('55000004-0001-4000-8000-000000000046', 'ars-technica', 'Ars Technica', '#FF4E00', '[]', '44444444-0000-0000-0000-000000000004'),
  ('55000004-0001-4000-8000-000000000047', 'raindrop', 'Raindrop.io', '#0099FF', '[]', '44444444-0000-0000-0000-000000000004'),
  ('55000004-0001-4000-8000-000000000048', 'matter', 'Matter', '#000000', '[]', '44444444-0000-0000-0000-000000000004'),
  ('55000004-0001-4000-8000-000000000049', 'omnivore', 'Omnivore', '#FFD700', '[]', '44444444-0000-0000-0000-000000000004'),
  ('55000004-0001-4000-8000-000000000050', 'the-guardian', 'The Guardian', '#052962', '[]', '44444444-0000-0000-0000-000000000004'),
  ('55000005-0001-4000-8000-000000000001', 'gemini', 'Gemini', '#4285F4', '["джемини"]', '44444444-0000-0000-0000-000000000005'),
  ('55000005-0001-4000-8000-000000000002', 'copilot', 'Microsoft Copilot', '#000000', '["копайлот"]', '44444444-0000-0000-0000-000000000005'),
  ('55000005-0001-4000-8000-000000000003', 'perplexity', 'Perplexity', '#20808D', '[]', '44444444-0000-0000-0000-000000000005'),
  ('55000005-0001-4000-8000-000000000004', 'midjourney', 'Midjourney', '#000000', '["миджорни"]', '44444444-0000-0000-0000-000000000005'),
  ('55000005-0001-4000-8000-000000000005', 'runway', 'Runway', '#000000', '[]', '44444444-0000-0000-0000-000000000005'),
  ('55000005-0001-4000-8000-000000000006', 'jasper', 'Jasper', '#000000', '[]', '44444444-0000-0000-0000-000000000005'),
  ('55000005-0001-4000-8000-000000000007', 'grammarly', 'Grammarly', '#15C39A', '["граммарли"]', '44444444-0000-0000-0000-000000000005'),
  ('55000005-0001-4000-8000-000000000008', 'otter-ai', 'Otter.ai', '#1652F0', '[]', '44444444-0000-0000-0000-000000000005'),
  ('55000005-0001-4000-8000-000000000009', 'elevenlabs', 'ElevenLabs', '#000000', '[]', '44444444-0000-0000-0000-000000000005'),
  ('55000005-0001-4000-8000-000000000010', 'descript', 'Descript', '#000000', '[]', '44444444-0000-0000-0000-000000000005'),
  ('55000005-0001-4000-8000-000000000011', 'cursor', 'Cursor', '#000000', '["курсор"]', '44444444-0000-0000-0000-000000000005'),
  ('55000005-0001-4000-8000-000000000012', 'github-copilot', 'GitHub Copilot', '#000000', '[]', '44444444-0000-0000-0000-000000000005'),
  ('55000005-0001-4000-8000-000000000013', 'tabnine', 'Tabnine', '#6B57FF', '[]', '44444444-0000-0000-0000-000000000005'),
  ('55000005-0001-4000-8000-000000000014', 'codeium', 'Codeium', '#09B6A2', '[]', '44444444-0000-0000-0000-000000000005'),
  ('55000005-0001-4000-8000-000000000015', 'replit', 'Replit', '#F26207', '[]', '44444444-0000-0000-0000-000000000005'),
  ('55000005-0001-4000-8000-000000000016', 'v0', 'v0', '#000000', '[]', '44444444-0000-0000-0000-000000000005'),
  ('55000005-0001-4000-8000-000000000017', 'poe', 'Poe', '#6B47DC', '[]', '44444444-0000-0000-0000-000000000005'),
  ('55000005-0001-4000-8000-000000000018', 'deepl', 'DeepL', '#042B48', '["дипл"]', '44444444-0000-0000-0000-000000000005'),
  ('55000005-0001-4000-8000-000000000019', 'quillbot', 'QuillBot', '#589E41', '[]', '44444444-0000-0000-0000-000000000005'),
  ('55000005-0001-4000-8000-000000000020', 'synthesia', 'Synthesia', '#2563EB', '[]', '44444444-0000-0000-0000-000000000005'),
  ('55000005-0001-4000-8000-000000000021', 'heygen', 'HeyGen', '#000000', '[]', '44444444-0000-0000-0000-000000000005'),
  ('55000005-0001-4000-8000-000000000022', 'leonardo-ai', 'Leonardo.ai', '#000000', '[]', '44444444-0000-0000-0000-000000000005'),
  ('55000005-0001-4000-8000-000000000023', 'character-ai', 'Character.AI', '#000000', '[]', '44444444-0000-0000-0000-000000000005'),
  ('55000005-0001-4000-8000-000000000024', 'replika', 'Replika', '#FE5068', '[]', '44444444-0000-0000-0000-000000000005'),
  ('55000005-0001-4000-8000-000000000025', 'novelai', 'NovelAI', '#000000', '[]', '44444444-0000-0000-0000-000000000005'),
  ('55000005-0001-4000-8000-000000000026', 'suno', 'Suno', '#000000', '[]', '44444444-0000-0000-0000-000000000005'),
  ('55000005-0001-4000-8000-000000000027', 'udio', 'Udio', '#000000', '[]', '44444444-0000-0000-0000-000000000005'),
  ('55000005-0001-4000-8000-000000000028', 'photoroom', 'Photoroom', '#000000', '[]', '44444444-0000-0000-0000-000000000005'),
  ('55000005-0001-4000-8000-000000000029', 'remove-bg', 'Remove.bg', '#3273FA', '[]', '44444444-0000-0000-0000-000000000005'),
  ('55000005-0001-4000-8000-000000000030', 'adobe-firefly', 'Adobe Firefly', '#FF4785', '[]', '44444444-0000-0000-0000-000000000005'),
  ('55000005-0001-4000-8000-000000000031', 'copy-ai', 'Copy.ai', '#000000', '[]', '44444444-0000-0000-0000-000000000005'),
  ('55000005-0001-4000-8000-000000000032', 'wordtune', 'Wordtune', '#6B47DC', '[]', '44444444-0000-0000-0000-000000000005'),
  ('55000005-0001-4000-8000-000000000033', 'notion-ai', 'Notion AI', '#000000', '[]', '44444444-0000-0000-0000-000000000005'),
  ('55000005-0001-4000-8000-000000000034', 'zapier', 'Zapier', '#FF4A00', '[]', '44444444-0000-0000-0000-000000000005'),
  ('55000005-0001-4000-8000-000000000035', 'make', 'Make', '#6D00CC', '[]', '44444444-0000-0000-0000-000000000005'),
  ('55000005-0001-4000-8000-000000000036', 'ideogram', 'Ideogram', '#000000', '[]', '44444444-0000-0000-0000-000000000005'),
  ('55000005-0001-4000-8000-000000000037', 'krea', 'Krea', '#000000', '[]', '44444444-0000-0000-0000-000000000005'),
  ('55000005-0001-4000-8000-000000000038', 'topaz-labs', 'Topaz Labs', '#000000', '[]', '44444444-0000-0000-0000-000000000005'),
  ('55000005-0001-4000-8000-000000000039', 'lumen5', 'Lumen5', '#000000', '[]', '44444444-0000-0000-0000-000000000005'),
  ('55000005-0001-4000-8000-000000000040', 'pictory', 'Pictory', '#000000', '[]', '44444444-0000-0000-0000-000000000005'),
  ('55000005-0001-4000-8000-000000000041', 'fliki', 'Fliki', '#000000', '[]', '44444444-0000-0000-0000-000000000005'),
  ('55000005-0001-4000-8000-000000000042', 'invideo', 'InVideo', '#000000', '[]', '44444444-0000-0000-0000-000000000005'),
  ('55000005-0001-4000-8000-000000000043', 'murf-ai', 'Murf AI', '#5B21B6', '[]', '44444444-0000-0000-0000-000000000005'),
  ('55000005-0001-4000-8000-000000000044', 'dall-e', 'DALL-E', '#000000', '["далли"]', '44444444-0000-0000-0000-000000000005'),
  ('55000005-0001-4000-8000-000000000045', 'stable-diffusion', 'Stable Diffusion', '#000000', '[]', '44444444-0000-0000-0000-000000000005'),
  ('55000005-0001-4000-8000-000000000046', 'frase', 'Frase', '#000000', '[]', '44444444-0000-0000-0000-000000000005'),
  ('55000005-0001-4000-8000-000000000047', 'surfer-seo', 'Surfer SEO', '#000000', '[]', '44444444-0000-0000-0000-000000000005'),
  ('55000005-0001-4000-8000-000000000048', 'writesonic', 'Writesonic', '#000000', '[]', '44444444-0000-0000-0000-000000000005'),
  ('55000005-0001-4000-8000-000000000049', 'sudowrite', 'Sudowrite', '#000000', '[]', '44444444-0000-0000-0000-000000000005'),
  ('55000005-0001-4000-8000-000000000050', 'magnific', 'Magnific', '#000000', '[]', '44444444-0000-0000-0000-000000000005'),
  ('55000006-0001-4000-8000-000000000001', 'microsoft-365', 'Microsoft 365', '#D83B01', '["офис","office"]', '44444444-0000-0000-0000-000000000006'),
  ('55000006-0001-4000-8000-000000000002', 'google-workspace', 'Google Workspace', '#4285F4', '["гугл"]', '44444444-0000-0000-0000-000000000006'),
  ('55000006-0001-4000-8000-000000000003', 'notion', 'Notion', '#000000', '["ноушн"]', '44444444-0000-0000-0000-000000000006'),
  ('55000006-0001-4000-8000-000000000004', 'todoist', 'Todoist', '#E44332', '[]', '44444444-0000-0000-0000-000000000006'),
  ('55000006-0001-4000-8000-000000000005', 'evernote', 'Evernote', '#00A82D', '["эверноут"]', '44444444-0000-0000-0000-000000000006'),
  ('55000006-0001-4000-8000-000000000006', 'obsidian', 'Obsidian', '#7C3AED', '["обсидиан"]', '44444444-0000-0000-0000-000000000006'),
  ('55000006-0001-4000-8000-000000000007', 'things', 'Things 3', '#4F87FF', '[]', '44444444-0000-0000-0000-000000000006'),
  ('55000006-0001-4000-8000-000000000008', 'omnifocus', 'OmniFocus', '#774ABC', '[]', '44444444-0000-0000-0000-000000000006'),
  ('55000006-0001-4000-8000-000000000009', 'ticktick', 'TickTick', '#4772FA', '[]', '44444444-0000-0000-0000-000000000006'),
  ('55000006-0001-4000-8000-000000000010', 'fantastical', 'Fantastical', '#C93543', '[]', '44444444-0000-0000-0000-000000000006'),
  ('55000006-0001-4000-8000-000000000011', 'calendly', 'Calendly', '#006BFF', '[]', '44444444-0000-0000-0000-000000000006'),
  ('55000006-0001-4000-8000-000000000012', 'superhuman', 'Superhuman', '#6C3AEF', '[]', '44444444-0000-0000-0000-000000000006'),
  ('55000006-0001-4000-8000-000000000013', 'spark', 'Spark', '#1683FC', '[]', '44444444-0000-0000-0000-000000000006'),
  ('55000006-0001-4000-8000-000000000014', 'airtable', 'Airtable', '#18BFFF', '[]', '44444444-0000-0000-0000-000000000006'),
  ('55000006-0001-4000-8000-000000000015', 'monday', 'Monday.com', '#6161FF', '["мандэй"]', '44444444-0000-0000-0000-000000000006'),
  ('55000006-0001-4000-8000-000000000016', 'clickup', 'ClickUp', '#7B68EE', '[]', '44444444-0000-0000-0000-000000000006'),
  ('55000006-0001-4000-8000-000000000017', 'asana', 'Asana', '#F06A6A', '["асана"]', '44444444-0000-0000-0000-000000000006'),
  ('55000006-0001-4000-8000-000000000018', 'trello', 'Trello', '#0052CC', '["трелло"]', '44444444-0000-0000-0000-000000000006'),
  ('55000006-0001-4000-8000-000000000019', 'linear', 'Linear', '#5E6AD2', '[]', '44444444-0000-0000-0000-000000000006'),
  ('55000006-0001-4000-8000-000000000020', 'basecamp', 'Basecamp', '#1D2D35', '[]', '44444444-0000-0000-0000-000000000006'),
  ('55000006-0001-4000-8000-000000000021', 'miro', 'Miro', '#FFD02F', '["миро"]', '44444444-0000-0000-0000-000000000006'),
  ('55000006-0001-4000-8000-000000000022', 'loom', 'Loom', '#625DF5', '[]', '44444444-0000-0000-0000-000000000006'),
  ('55000006-0001-4000-8000-000000000023', 'textexpander', 'TextExpander', '#39B54A', '[]', '44444444-0000-0000-0000-000000000006'),
  ('55000006-0001-4000-8000-000000000024', 'raycast', 'Raycast', '#FF6363', '[]', '44444444-0000-0000-0000-000000000006'),
  ('55000006-0001-4000-8000-000000000025', 'toggl-track', 'Toggl Track', '#E57CD8', '[]', '44444444-0000-0000-0000-000000000006'),
  ('55000006-0001-4000-8000-000000000026', 'forest', 'Forest', '#4CAF50', '[]', '44444444-0000-0000-0000-000000000006'),
  ('55000006-0001-4000-8000-000000000027', 'day-one', 'Day One', '#3B82F6', '[]', '44444444-0000-0000-0000-000000000006'),
  ('55000006-0001-4000-8000-000000000028', 'bear', 'Bear', '#D15B44', '[]', '44444444-0000-0000-0000-000000000006'),
  ('55000006-0001-4000-8000-000000000029', 'craft', 'Craft', '#000000', '[]', '44444444-0000-0000-0000-000000000006'),
  ('55000006-0001-4000-8000-000000000030', 'ulysses', 'Ulysses', '#488DFF', '[]', '44444444-0000-0000-0000-000000000006'),
  ('55000006-0001-4000-8000-000000000031', 'ia-writer', 'iA Writer', '#1A73E8', '[]', '44444444-0000-0000-0000-000000000006'),
  ('55000006-0001-4000-8000-000000000032', 'proton-mail', 'Proton Mail', '#6D4AFF', '["протон"]', '44444444-0000-0000-0000-000000000006'),
  ('55000006-0001-4000-8000-000000000033', 'fastmail', 'Fastmail', '#7048E8', '[]', '44444444-0000-0000-0000-000000000006'),
  ('55000006-0001-4000-8000-000000000034', 'hey', 'HEY', '#000000', '[]', '44444444-0000-0000-0000-000000000006'),
  ('55000006-0001-4000-8000-000000000035', 'lucidchart', 'Lucidchart', '#FF8330', '[]', '44444444-0000-0000-0000-000000000006'),
  ('55000006-0001-4000-8000-000000000036', 'whimsical', 'Whimsical', '#764BA2', '[]', '44444444-0000-0000-0000-000000000006'),
  ('55000006-0001-4000-8000-000000000037', 'coda', 'Coda', '#F26625', '[]', '44444444-0000-0000-0000-000000000006'),
  ('55000006-0001-4000-8000-000000000038', 'roam', 'Roam Research', '#343A40', '[]', '44444444-0000-0000-0000-000000000006'),
  ('55000006-0001-4000-8000-000000000039', 'logseq', 'Logseq', '#85C8C8', '[]', '44444444-0000-0000-0000-000000000006'),
  ('55000006-0001-4000-8000-000000000040', 'wrike', 'Wrike', '#08A940', '[]', '44444444-0000-0000-0000-000000000006'),
  ('55000006-0001-4000-8000-000000000041', 'smartsheet', 'Smartsheet', '#007CC3', '[]', '44444444-0000-0000-0000-000000000006'),
  ('55000006-0001-4000-8000-000000000042', 'docusign', 'DocuSign', '#FFCD00', '[]', '44444444-0000-0000-0000-000000000006'),
  ('55000006-0001-4000-8000-000000000043', 'pitch', 'Pitch', '#000000', '[]', '44444444-0000-0000-0000-000000000006'),
  ('55000006-0001-4000-8000-000000000044', 'gamma', 'Gamma', '#FF6B35', '[]', '44444444-0000-0000-0000-000000000006'),
  ('55000006-0001-4000-8000-000000000045', 'beautiful-ai', 'Beautiful.ai', '#3B82F6', '[]', '44444444-0000-0000-0000-000000000006'),
  ('55000006-0001-4000-8000-000000000046', 'scrivener', 'Scrivener', '#6F4E37', '[]', '44444444-0000-0000-0000-000000000006'),
  ('55000006-0001-4000-8000-000000000047', 'harvest', 'Harvest', '#FF6D1F', '[]', '44444444-0000-0000-0000-000000000006'),
  ('55000006-0001-4000-8000-000000000048', 'reclaim-ai', 'Reclaim', '#4285F4', '[]', '44444444-0000-0000-0000-000000000006'),
  ('55000006-0001-4000-8000-000000000049', 'sunsama', 'Sunsama', '#FFB347', '[]', '44444444-0000-0000-0000-000000000006'),
  ('55000006-0001-4000-8000-000000000050', 'pandadoc', 'PandaDoc', '#4ABE4F', '[]', '44444444-0000-0000-0000-000000000006'),
  ('55000007-0001-4000-8000-000000000001', 'figma', 'Figma', '#A259FF', '["фигма"]', '44444444-0000-0000-0000-000000000007'),
  ('55000007-0001-4000-8000-000000000002', 'canva', 'Canva Pro', '#00C4CC', '["канва"]', '44444444-0000-0000-0000-000000000007'),
  ('55000007-0001-4000-8000-000000000003', 'affinity', 'Affinity', '#4FD1E0', '[]', '44444444-0000-0000-0000-000000000007'),
  ('55000007-0001-4000-8000-000000000004', 'procreate', 'Procreate', '#000000', '["прокреэйт"]', '44444444-0000-0000-0000-000000000007'),
  ('55000007-0001-4000-8000-000000000005', 'framer', 'Framer', '#0055FF', '[]', '44444444-0000-0000-0000-000000000007'),
  ('55000007-0001-4000-8000-000000000006', 'blender', 'Blender', '#E87D0D', '["блендер"]', '44444444-0000-0000-0000-000000000007'),
  ('55000007-0001-4000-8000-000000000007', 'davinci-resolve', 'DaVinci Resolve', '#FF4444', '[]', '44444444-0000-0000-0000-000000000007'),
  ('55000007-0001-4000-8000-000000000008', 'final-cut-pro', 'Final Cut Pro', '#000000', '[]', '44444444-0000-0000-0000-000000000007'),
  ('55000007-0001-4000-8000-000000000009', 'logic-pro', 'Logic Pro', '#000000', '[]', '44444444-0000-0000-0000-000000000007'),
  ('55000007-0001-4000-8000-000000000010', 'fl-studio', 'FL Studio', '#FF8100', '[]', '44444444-0000-0000-0000-000000000007'),
  ('55000007-0001-4000-8000-000000000011', 'ableton', 'Ableton Live', '#000000', '["аблетон"]', '44444444-0000-0000-0000-000000000007'),
  ('55000007-0001-4000-8000-000000000012', 'clip-studio', 'Clip Studio Paint', '#0EC8D3', '[]', '44444444-0000-0000-0000-000000000007'),
  ('55000007-0001-4000-8000-000000000013', 'pixelmator', 'Pixelmator Pro', '#2DA4FF', '[]', '44444444-0000-0000-0000-000000000007'),
  ('55000007-0001-4000-8000-000000000014', 'spline', 'Spline', '#000000', '[]', '44444444-0000-0000-0000-000000000007'),
  ('55000007-0001-4000-8000-000000000015', 'rive', 'Rive', '#000000', '[]', '44444444-0000-0000-0000-000000000007'),
  ('55000007-0001-4000-8000-000000000016', 'shapr3d', 'Shapr3D', '#0088FF', '[]', '44444444-0000-0000-0000-000000000007'),
  ('55000007-0001-4000-8000-000000000017', 'zbrush', 'ZBrush', '#EC6826', '[]', '44444444-0000-0000-0000-000000000007'),
  ('55000007-0001-4000-8000-000000000018', 'maya', 'Autodesk Maya', '#37A5CC', '[]', '44444444-0000-0000-0000-000000000007'),
  ('55000007-0001-4000-8000-000000000019', 'autocad', 'AutoCAD', '#C8102E', '["автокад"]', '44444444-0000-0000-0000-000000000007'),
  ('55000007-0001-4000-8000-000000000020', 'houdini', 'Houdini', '#FF4713', '[]', '44444444-0000-0000-0000-000000000007'),
  ('55000007-0001-4000-8000-000000000021', 'unreal-engine', 'Unreal Engine', '#0D1117', '["анрил"]', '44444444-0000-0000-0000-000000000007'),
  ('55000007-0001-4000-8000-000000000022', 'unity', 'Unity', '#000000', '["юнити"]', '44444444-0000-0000-0000-000000000007'),
  ('55000007-0001-4000-8000-000000000023', 'pro-tools', 'Pro Tools', '#7ACB10', '[]', '44444444-0000-0000-0000-000000000007'),
  ('55000007-0001-4000-8000-000000000024', 'cubase', 'Cubase', '#C90032', '[]', '44444444-0000-0000-0000-000000000007'),
  ('55000007-0001-4000-8000-000000000025', 'native-instruments', 'Native Instruments', '#000000', '["ni"]', '44444444-0000-0000-0000-000000000007'),
  ('55000007-0001-4000-8000-000000000026', 'shutterstock', 'Shutterstock', '#EE2B24', '[]', '44444444-0000-0000-0000-000000000007'),
  ('55000007-0001-4000-8000-000000000027', 'envato', 'Envato Elements', '#81B441', '[]', '44444444-0000-0000-0000-000000000007'),
  ('55000007-0001-4000-8000-000000000028', 'freepik', 'Freepik', '#0061FF', '[]', '44444444-0000-0000-0000-000000000007'),
  ('55000007-0001-4000-8000-000000000029', 'creative-market', 'Creative Market', '#000000', '[]', '44444444-0000-0000-0000-000000000007'),
  ('55000007-0001-4000-8000-000000000030', 'icons8', 'Icons8', '#28B351', '[]', '44444444-0000-0000-0000-000000000007'),
  ('55000007-0001-4000-8000-000000000031', 'obs-studio', 'OBS Studio', '#302E31', '[]', '44444444-0000-0000-0000-000000000007'),
  ('55000007-0001-4000-8000-000000000032', 'streamlabs', 'Streamlabs', '#80F5D2', '[]', '44444444-0000-0000-0000-000000000007'),
  ('55000007-0001-4000-8000-000000000033', 'lumafusion', 'LumaFusion', '#7B68EE', '[]', '44444444-0000-0000-0000-000000000007'),
  ('55000007-0001-4000-8000-000000000034', 'linearity', 'Linearity Curve', '#00E676', '["vectornator"]', '44444444-0000-0000-0000-000000000007'),
  ('55000007-0001-4000-8000-000000000035', 'fusion360', 'Fusion 360', '#FF8C00', '[]', '44444444-0000-0000-0000-000000000007'),
  ('55000007-0001-4000-8000-000000000036', 'reaper', 'REAPER', '#2C2C2C', '[]', '44444444-0000-0000-0000-000000000007'),
  ('55000007-0001-4000-8000-000000000037', 'bitwig', 'Bitwig Studio', '#FF4F00', '[]', '44444444-0000-0000-0000-000000000007'),
  ('55000007-0001-4000-8000-000000000038', 'izotope', 'iZotope', '#5D4FCA', '[]', '44444444-0000-0000-0000-000000000007'),
  ('55000007-0001-4000-8000-000000000039', 'waves', 'Waves', '#2BA3E3', '[]', '44444444-0000-0000-0000-000000000007'),
  ('55000007-0001-4000-8000-000000000040', 'noun-project', 'The Noun Project', '#000000', '[]', '44444444-0000-0000-0000-000000000007'),
  ('55000007-0001-4000-8000-000000000041', 'font-awesome', 'Font Awesome', '#339AF0', '[]', '44444444-0000-0000-0000-000000000007'),
  ('55000007-0001-4000-8000-000000000042', 'riverside', 'Riverside.fm', '#5B4AEE', '[]', '44444444-0000-0000-0000-000000000007'),
  ('55000007-0001-4000-8000-000000000043', 'studio-one', 'Studio One', '#0070C8', '[]', '44444444-0000-0000-0000-000000000007'),
  ('55000007-0001-4000-8000-000000000044', 'fabfilter', 'FabFilter', '#FF6600', '[]', '44444444-0000-0000-0000-000000000007'),
  ('55000007-0001-4000-8000-000000000045', 'keyshot', 'KeyShot', '#FF6F00', '[]', '44444444-0000-0000-0000-000000000007'),
  ('55000007-0001-4000-8000-000000000046', 'vray', 'V-Ray', '#005BFF', '[]', '44444444-0000-0000-0000-000000000007'),
  ('55000007-0001-4000-8000-000000000047', 'camtasia', 'Camtasia', '#5CB85C', '[]', '44444444-0000-0000-0000-000000000007'),
  ('55000007-0001-4000-8000-000000000048', 'screenflow', 'ScreenFlow', '#5B5EA6', '[]', '44444444-0000-0000-0000-000000000007'),
  ('55000007-0001-4000-8000-000000000049', 'getty-images', 'Getty Images', '#000000', '[]', '44444444-0000-0000-0000-000000000007'),
  ('55000007-0001-4000-8000-000000000050', 'arturia', 'Arturia', '#000000', '[]', '44444444-0000-0000-0000-000000000007'),
  ('55000008-0001-4000-8000-000000000001', 'gitlab', 'GitLab', '#FC6D26', '["гитлаб"]', '44444444-0000-0000-0000-000000000008'),
  ('55000008-0001-4000-8000-000000000002', 'bitbucket', 'Bitbucket', '#0052CC', '[]', '44444444-0000-0000-0000-000000000008'),
  ('55000008-0001-4000-8000-000000000003', 'jetbrains', 'JetBrains', '#000000', '["джетбрейнс"]', '44444444-0000-0000-0000-000000000008'),
  ('55000008-0001-4000-8000-000000000004', 'postman', 'Postman', '#FF6C37', '[]', '44444444-0000-0000-0000-000000000008'),
  ('55000008-0001-4000-8000-000000000005', 'docker', 'Docker', '#2496ED', '["докер"]', '44444444-0000-0000-0000-000000000008'),
  ('55000008-0001-4000-8000-000000000006', 'sentry', 'Sentry', '#362D59', '[]', '44444444-0000-0000-0000-000000000008'),
  ('55000008-0001-4000-8000-000000000007', 'datadog', 'Datadog', '#632CA6', '[]', '44444444-0000-0000-0000-000000000008'),
  ('55000008-0001-4000-8000-000000000008', 'new-relic', 'New Relic', '#008C99', '[]', '44444444-0000-0000-0000-000000000008'),
  ('55000008-0001-4000-8000-000000000009', 'pagerduty', 'PagerDuty', '#06AC38', '[]', '44444444-0000-0000-0000-000000000008'),
  ('55000008-0001-4000-8000-000000000010', 'circleci', 'CircleCI', '#343434', '[]', '44444444-0000-0000-0000-000000000008'),
  ('55000008-0001-4000-8000-000000000011', 'snyk', 'Snyk', '#4C4A73', '[]', '44444444-0000-0000-0000-000000000008'),
  ('55000008-0001-4000-8000-000000000012', 'algolia', 'Algolia', '#003DFF', '[]', '44444444-0000-0000-0000-000000000008'),
  ('55000008-0001-4000-8000-000000000013', 'twilio', 'Twilio', '#F22F46', '[]', '44444444-0000-0000-0000-000000000008'),
  ('55000008-0001-4000-8000-000000000014', 'sendgrid', 'SendGrid', '#1A82E2', '[]', '44444444-0000-0000-0000-000000000008'),
  ('55000008-0001-4000-8000-000000000015', 'auth0', 'Auth0', '#EB5424', '[]', '44444444-0000-0000-0000-000000000008'),
  ('55000008-0001-4000-8000-000000000016', 'firebase', 'Firebase', '#FFCA28', '[]', '44444444-0000-0000-0000-000000000008'),
  ('55000008-0001-4000-8000-000000000017', 'supabase', 'Supabase', '#3ECF8E', '[]', '44444444-0000-0000-0000-000000000008'),
  ('55000008-0001-4000-8000-000000000018', 'mongodb', 'MongoDB Atlas', '#47A248', '["монга"]', '44444444-0000-0000-0000-000000000008'),
  ('55000008-0001-4000-8000-000000000019', 'redis', 'Redis Cloud', '#DC382D', '[]', '44444444-0000-0000-0000-000000000008'),
  ('55000008-0001-4000-8000-000000000020', 'expo', 'Expo', '#000020', '[]', '44444444-0000-0000-0000-000000000008'),
  ('55000008-0001-4000-8000-000000000021', 'zed', 'Zed', '#000000', '[]', '44444444-0000-0000-0000-000000000008'),
  ('55000008-0001-4000-8000-000000000022', 'sublime-text', 'Sublime Text', '#FF9800', '[]', '44444444-0000-0000-0000-000000000008'),
  ('55000008-0001-4000-8000-000000000023', 'planetscale', 'PlanetScale', '#000000', '[]', '44444444-0000-0000-0000-000000000008'),
  ('55000008-0001-4000-8000-000000000024', 'neon-db', 'Neon', '#00E699', '[]', '44444444-0000-0000-0000-000000000008'),
  ('55000008-0001-4000-8000-000000000025', 'upstash', 'Upstash', '#00E9A3', '[]', '44444444-0000-0000-0000-000000000008'),
  ('55000008-0001-4000-8000-000000000026', 'turso', 'Turso', '#4FF8D2', '[]', '44444444-0000-0000-0000-000000000008'),
  ('55000008-0001-4000-8000-000000000027', 'hasura', 'Hasura', '#1EB4D4', '[]', '44444444-0000-0000-0000-000000000008'),
  ('55000008-0001-4000-8000-000000000028', 'grafana', 'Grafana', '#F46800', '[]', '44444444-0000-0000-0000-000000000008'),
  ('55000008-0001-4000-8000-000000000029', 'elastic', 'Elastic', '#005571', '[]', '44444444-0000-0000-0000-000000000008'),
  ('55000008-0001-4000-8000-000000000030', 'mixpanel', 'Mixpanel', '#7856FF', '[]', '44444444-0000-0000-0000-000000000008'),
  ('55000008-0001-4000-8000-000000000031', 'posthog', 'PostHog', '#F9BD2B', '[]', '44444444-0000-0000-0000-000000000008'),
  ('55000008-0001-4000-8000-000000000032', 'amplitude', 'Amplitude', '#1D2D35', '[]', '44444444-0000-0000-0000-000000000008'),
  ('55000008-0001-4000-8000-000000000033', 'segment', 'Segment', '#52BD94', '[]', '44444444-0000-0000-0000-000000000008'),
  ('55000008-0001-4000-8000-000000000034', 'launchdarkly', 'LaunchDarkly', '#405BFF', '[]', '44444444-0000-0000-0000-000000000008'),
  ('55000008-0001-4000-8000-000000000035', 'clerk', 'Clerk', '#6C47FF', '[]', '44444444-0000-0000-0000-000000000008'),
  ('55000008-0001-4000-8000-000000000036', 'resend', 'Resend', '#000000', '[]', '44444444-0000-0000-0000-000000000008'),
  ('55000008-0001-4000-8000-000000000037', 'onesignal', 'OneSignal', '#E8433A', '[]', '44444444-0000-0000-0000-000000000008'),
  ('55000008-0001-4000-8000-000000000038', 'browserstack', 'BrowserStack', '#F5811F', '[]', '44444444-0000-0000-0000-000000000008'),
  ('55000008-0001-4000-8000-000000000039', 'cypress', 'Cypress', '#17202C', '[]', '44444444-0000-0000-0000-000000000008'),
  ('55000008-0001-4000-8000-000000000040', 'bitrise', 'Bitrise', '#683D87', '[]', '44444444-0000-0000-0000-000000000008'),
  ('55000008-0001-4000-8000-000000000041', 'codemagic', 'Codemagic', '#F45E22', '[]', '44444444-0000-0000-0000-000000000008'),
  ('55000008-0001-4000-8000-000000000042', 'netlify', 'Netlify', '#00C7B7', '[]', '44444444-0000-0000-0000-000000000008'),
  ('55000008-0001-4000-8000-000000000043', 'railway', 'Railway', '#000000', '[]', '44444444-0000-0000-0000-000000000008'),
  ('55000008-0001-4000-8000-000000000044', 'convex', 'Convex', '#F3B01C', '[]', '44444444-0000-0000-0000-000000000008'),
  ('55000008-0001-4000-8000-000000000045', 'chromatic', 'Chromatic', '#FC521F', '[]', '44444444-0000-0000-0000-000000000008'),
  ('55000008-0001-4000-8000-000000000046', 'logrocket', 'LogRocket', '#764ABC', '[]', '44444444-0000-0000-0000-000000000008'),
  ('55000008-0001-4000-8000-000000000047', 'plausible', 'Plausible', '#5850EC', '[]', '44444444-0000-0000-0000-000000000008'),
  ('55000008-0001-4000-8000-000000000048', 'nova', 'Nova', '#6B50FF', '[]', '44444444-0000-0000-0000-000000000008'),
  ('55000008-0001-4000-8000-000000000049', 'pusher', 'Pusher', '#300D4F', '[]', '44444444-0000-0000-0000-000000000008'),
  ('55000008-0001-4000-8000-000000000050', 'ably', 'Ably', '#03020D', '[]', '44444444-0000-0000-0000-000000000008'),
  ('55000009-0001-4000-8000-000000000001', 'google-cloud', 'Google Cloud', '#4285F4', '["гцп"]', '44444444-0000-0000-0000-000000000009'),
  ('55000009-0001-4000-8000-000000000002', 'azure', 'Microsoft Azure', '#0089D6', '["азур"]', '44444444-0000-0000-0000-000000000009'),
  ('55000009-0001-4000-8000-000000000003', 'fly-io', 'Fly.io', '#7B3BE2', '[]', '44444444-0000-0000-0000-000000000009'),
  ('55000009-0001-4000-8000-000000000004', 'ovh', 'OVHcloud', '#000E9C', '[]', '44444444-0000-0000-0000-000000000009'),
  ('55000009-0001-4000-8000-000000000005', 'hetzner', 'Hetzner', '#D50C2D', '["хецнер"]', '44444444-0000-0000-0000-000000000009'),
  ('55000009-0001-4000-8000-000000000006', 'bluehost', 'Bluehost', '#003580', '[]', '44444444-0000-0000-0000-000000000009'),
  ('55000009-0001-4000-8000-000000000007', 'godaddy', 'GoDaddy', '#1BDBDB', '[]', '44444444-0000-0000-0000-000000000009'),
  ('55000009-0001-4000-8000-000000000008', 'cloudflare', 'Cloudflare', '#F38020', '[]', '44444444-0000-0000-0000-000000000009'),
  ('55000009-0001-4000-8000-000000000009', 'squarespace', 'Squarespace', '#000000', '[]', '44444444-0000-0000-0000-000000000009'),
  ('55000009-0001-4000-8000-000000000010', 'wix', 'Wix', '#000000', '["викс"]', '44444444-0000-0000-0000-000000000009'),
  ('55000009-0001-4000-8000-000000000011', 'webflow', 'Webflow', '#4353FF', '[]', '44444444-0000-0000-0000-000000000009'),
  ('55000009-0001-4000-8000-000000000012', 'shopify', 'Shopify', '#7AB55C', '["шопифай"]', '44444444-0000-0000-0000-000000000009'),
  ('55000009-0001-4000-8000-000000000013', 'wordpress', 'WordPress.com', '#21759B', '["вп"]', '44444444-0000-0000-0000-000000000009'),
  ('55000009-0001-4000-8000-000000000014', 'ghost', 'Ghost', '#15171A', '[]', '44444444-0000-0000-0000-000000000009'),
  ('55000009-0001-4000-8000-000000000015', 'mailchimp', 'Mailchimp', '#FFE01B', '[]', '44444444-0000-0000-0000-000000000009'),
  ('55000009-0001-4000-8000-000000000016', 'hubspot', 'HubSpot', '#FF7A59', '[]', '44444444-0000-0000-0000-000000000009'),
  ('55000009-0001-4000-8000-000000000017', 'salesforce', 'Salesforce', '#00A1E0', '[]', '44444444-0000-0000-0000-000000000009'),
  ('55000009-0001-4000-8000-000000000018', 'zendesk', 'Zendesk', '#03363D', '[]', '44444444-0000-0000-0000-000000000009'),
  ('55000009-0001-4000-8000-000000000019', 'intercom', 'Intercom', '#6AFDEF', '[]', '44444444-0000-0000-0000-000000000009'),
  ('55000009-0001-4000-8000-000000000020', 'stripe', 'Stripe', '#635BFF', '[]', '44444444-0000-0000-0000-000000000009'),
  ('55000009-0001-4000-8000-000000000021', 'siteground', 'SiteGround', '#4FD964', '[]', '44444444-0000-0000-0000-000000000009'),
  ('55000009-0001-4000-8000-000000000022', 'wp-engine', 'WP Engine', '#0ECAD4', '[]', '44444444-0000-0000-0000-000000000009'),
  ('55000009-0001-4000-8000-000000000023', 'kinsta', 'Kinsta', '#5333ED', '[]', '44444444-0000-0000-0000-000000000009'),
  ('55000009-0001-4000-8000-000000000024', 'cloudways', 'Cloudways', '#2C39BD', '[]', '44444444-0000-0000-0000-000000000009'),
  ('55000009-0001-4000-8000-000000000025', 'contabo', 'Contabo', '#27348B', '[]', '44444444-0000-0000-0000-000000000009'),
  ('55000009-0001-4000-8000-000000000026', 'scaleway', 'Scaleway', '#4F0599', '[]', '44444444-0000-0000-0000-000000000009'),
  ('55000009-0001-4000-8000-000000000027', 'yandex-cloud', 'Yandex Cloud', '#318CF4', '["облако"]', '44444444-0000-0000-0000-000000000009'),
  ('55000009-0001-4000-8000-000000000028', 'selectel', 'Selectel', '#3D8FD1', '["селектел"]', '44444444-0000-0000-0000-000000000009'),
  ('55000009-0001-4000-8000-000000000029', 'timeweb', 'Timeweb', '#000000', '["таймвеб"]', '44444444-0000-0000-0000-000000000009'),
  ('55000009-0001-4000-8000-000000000030', 'reg-ru', 'REG.RU', '#006AA7', '["рег"]', '44444444-0000-0000-0000-000000000009'),
  ('55000009-0001-4000-8000-000000000031', 'beget', 'Beget', '#C13131', '["бегет"]', '44444444-0000-0000-0000-000000000009'),
  ('55000009-0001-4000-8000-000000000032', 'bunny-cdn', 'Bunny CDN', '#FF6E00', '[]', '44444444-0000-0000-0000-000000000009'),
  ('55000009-0001-4000-8000-000000000033', 'pipedrive', 'Pipedrive', '#017737', '[]', '44444444-0000-0000-0000-000000000009'),
  ('55000009-0001-4000-8000-000000000034', 'zoho-crm', 'Zoho CRM', '#C8202B', '[]', '44444444-0000-0000-0000-000000000009'),
  ('55000009-0001-4000-8000-000000000035', 'freshdesk', 'Freshdesk', '#34B7F1', '[]', '44444444-0000-0000-0000-000000000009'),
  ('55000009-0001-4000-8000-000000000036', 'crisp', 'Crisp', '#407DF2', '[]', '44444444-0000-0000-0000-000000000009'),
  ('55000009-0001-4000-8000-000000000037', 'paddle', 'Paddle', '#000000', '[]', '44444444-0000-0000-0000-000000000009'),
  ('55000009-0001-4000-8000-000000000038', 'lemon-squeezy', 'Lemon Squeezy', '#FFD700', '[]', '44444444-0000-0000-0000-000000000009'),
  ('55000009-0001-4000-8000-000000000039', 'revenuecat', 'RevenueCat', '#FF5F57', '[]', '44444444-0000-0000-0000-000000000009'),
  ('55000009-0001-4000-8000-000000000040', 'convertkit', 'ConvertKit', '#FB6970', '[]', '44444444-0000-0000-0000-000000000009'),
  ('55000009-0001-4000-8000-000000000041', 'beehiiv', 'Beehiiv', '#000000', '[]', '44444444-0000-0000-0000-000000000009'),
  ('55000009-0001-4000-8000-000000000042', 'chargebee', 'Chargebee', '#FF6633', '[]', '44444444-0000-0000-0000-000000000009'),
  ('55000009-0001-4000-8000-000000000043', 'fastly', 'Fastly', '#FF282D', '[]', '44444444-0000-0000-0000-000000000009'),
  ('55000009-0001-4000-8000-000000000044', 'gandi', 'Gandi', '#000000', '[]', '44444444-0000-0000-0000-000000000009'),
  ('55000009-0001-4000-8000-000000000045', 'hover', 'Hover', '#333333', '[]', '44444444-0000-0000-0000-000000000009'),
  ('55000009-0001-4000-8000-000000000046', 'upcloud', 'UpCloud', '#7B00FF', '[]', '44444444-0000-0000-0000-000000000009'),
  ('55000009-0001-4000-8000-000000000047', 'alibaba-cloud', 'Alibaba Cloud', '#FF6A00', '[]', '44444444-0000-0000-0000-000000000009'),
  ('55000009-0001-4000-8000-000000000048', 'help-scout', 'Help Scout', '#2196F3', '[]', '44444444-0000-0000-0000-000000000009'),
  ('55000009-0001-4000-8000-000000000049', 'bigcommerce', 'BigCommerce', '#121118', '[]', '44444444-0000-0000-0000-000000000009'),
  ('55000009-0001-4000-8000-000000000050', 'dreamhost', 'DreamHost', '#0073AA', '[]', '44444444-0000-0000-0000-000000000009'),
  ('55000010-0001-4000-8000-000000000001', 'dropbox', 'Dropbox', '#0061FF', '["дропбокс"]', '44444444-0000-0000-0000-000000000010'),
  ('55000010-0001-4000-8000-000000000002', 'google-drive', 'Google Drive', '#4285F4', '["гугл диск"]', '44444444-0000-0000-0000-000000000010'),
  ('55000010-0001-4000-8000-000000000003', 'icloud', 'iCloud+', '#3693F3', '["айклауд"]', '44444444-0000-0000-0000-000000000010'),
  ('55000010-0001-4000-8000-000000000004', 'onedrive', 'OneDrive', '#0078D4', '["вандрайв"]', '44444444-0000-0000-0000-000000000010'),
  ('55000010-0001-4000-8000-000000000005', 'box', 'Box', '#0061D5', '[]', '44444444-0000-0000-0000-000000000010'),
  ('55000010-0001-4000-8000-000000000006', 'pcloud', 'pCloud', '#007AFF', '[]', '44444444-0000-0000-0000-000000000010'),
  ('55000010-0001-4000-8000-000000000007', 'sync-com', 'Sync.com', '#008CFF', '[]', '44444444-0000-0000-0000-000000000010'),
  ('55000010-0001-4000-8000-000000000008', 'tresorit', 'Tresorit', '#008C4F', '[]', '44444444-0000-0000-0000-000000000010'),
  ('55000010-0001-4000-8000-000000000009', 'backblaze', 'Backblaze', '#E21E29', '[]', '44444444-0000-0000-0000-000000000010'),
  ('55000010-0001-4000-8000-000000000010', 'idrive', 'IDrive', '#004DA0', '[]', '44444444-0000-0000-0000-000000000010'),
  ('55000010-0001-4000-8000-000000000011', 'yandex-disk', 'Яндекс Диск', '#FFDB4D', '["yandex disk"]', '44444444-0000-0000-0000-000000000010'),
  ('55000010-0001-4000-8000-000000000012', 'nextcloud', 'Nextcloud', '#0082C9', '[]', '44444444-0000-0000-0000-000000000010'),
  ('55000010-0001-4000-8000-000000000013', 'nordlocker', 'NordLocker', '#4687FF', '[]', '44444444-0000-0000-0000-000000000010'),
  ('55000010-0001-4000-8000-000000000014', 'proton-drive', 'Proton Drive', '#6D4AFF', '[]', '44444444-0000-0000-0000-000000000010'),
  ('55000010-0001-4000-8000-000000000015', 'icedrive', 'Icedrive', '#0075FF', '[]', '44444444-0000-0000-0000-000000000010'),
  ('55000010-0001-4000-8000-000000000016', 'internxt', 'Internxt', '#0066FF', '[]', '44444444-0000-0000-0000-000000000010'),
  ('55000010-0001-4000-8000-000000000017', 'filen', 'Filen', '#000000', '[]', '44444444-0000-0000-0000-000000000010'),
  ('55000010-0001-4000-8000-000000000018', 'wetransfer', 'WeTransfer', '#409FFF', '[]', '44444444-0000-0000-0000-000000000010'),
  ('55000010-0001-4000-8000-000000000019', 'koofr', 'Koofr', '#00B0F0', '[]', '44444444-0000-0000-0000-000000000010'),
  ('55000010-0001-4000-8000-000000000020', 'carbonite', 'Carbonite', '#006633', '[]', '44444444-0000-0000-0000-000000000010'),
  ('55000010-0001-4000-8000-000000000021', 'crashplan', 'CrashPlan', '#1F8C44', '[]', '44444444-0000-0000-0000-000000000010'),
  ('55000010-0001-4000-8000-000000000022', 'acronis', 'Acronis', '#002451', '[]', '44444444-0000-0000-0000-000000000010'),
  ('55000010-0001-4000-8000-000000000023', 'jottacloud', 'Jottacloud', '#009933', '[]', '44444444-0000-0000-0000-000000000010'),
  ('55000010-0001-4000-8000-000000000024', 'spideroak', 'SpiderOak', '#F37321', '[]', '44444444-0000-0000-0000-000000000010'),
  ('55000010-0001-4000-8000-000000000025', 'wasabi', 'Wasabi', '#47B749', '[]', '44444444-0000-0000-0000-000000000010'),
  ('55000010-0001-4000-8000-000000000026', 'egnyte', 'Egnyte', '#00968F', '[]', '44444444-0000-0000-0000-000000000010'),
  ('55000010-0001-4000-8000-000000000027', 'mail-ru-cloud', 'Облако Mail.ru', '#168DE2', '["облако"]', '44444444-0000-0000-0000-000000000010'),
  ('55000010-0001-4000-8000-000000000028', 'terabox', 'TeraBox', '#0089FF', '[]', '44444444-0000-0000-0000-000000000010'),
  ('55000010-0001-4000-8000-000000000029', 'ente-photos', 'Ente Photos', '#000000', '[]', '44444444-0000-0000-0000-000000000010'),
  ('55000010-0001-4000-8000-000000000030', 'cloudflare-r2', 'Cloudflare R2', '#F38020', '[]', '44444444-0000-0000-0000-000000000010'),
  ('55000010-0001-4000-8000-000000000031', 'aws-s3', 'Amazon S3', '#FF9900', '[]', '44444444-0000-0000-0000-000000000010'),
  ('55000010-0001-4000-8000-000000000032', 'synology-c2', 'Synology C2', '#000000', '[]', '44444444-0000-0000-0000-000000000010'),
  ('55000010-0001-4000-8000-000000000033', 'degoo', 'Degoo', '#002B5C', '[]', '44444444-0000-0000-0000-000000000010'),
  ('55000010-0001-4000-8000-000000000034', 'sugarsync', 'SugarSync', '#6BC248', '[]', '44444444-0000-0000-0000-000000000010'),
  ('55000010-0001-4000-8000-000000000035', 'cubbit', 'Cubbit', '#000000', '[]', '44444444-0000-0000-0000-000000000010'),
  ('55000010-0001-4000-8000-000000000036', 'storj', 'Storj', '#2683FF', '[]', '44444444-0000-0000-0000-000000000010'),
  ('55000010-0001-4000-8000-000000000037', 'cloudinary', 'Cloudinary', '#3448C5', '[]', '44444444-0000-0000-0000-000000000010'),
  ('55000010-0001-4000-8000-000000000038', 'uploadcare', 'Uploadcare', '#FFC723', '[]', '44444444-0000-0000-0000-000000000010'),
  ('55000010-0001-4000-8000-000000000039', 'mediafire', 'MediaFire', '#000000', '[]', '44444444-0000-0000-0000-000000000010'),
  ('55000010-0001-4000-8000-000000000040', 'jumpshare', 'Jumpshare', '#FD704F', '[]', '44444444-0000-0000-0000-000000000010'),
  ('55000010-0001-4000-8000-000000000041', 'droplr', 'Droplr', '#2676E0', '[]', '44444444-0000-0000-0000-000000000010'),
  ('55000010-0001-4000-8000-000000000042', 'arq', 'Arq Backup', '#3B7DD8', '[]', '44444444-0000-0000-0000-000000000010'),
  ('55000010-0001-4000-8000-000000000043', 'filemail', 'Filemail', '#0B85CB', '[]', '44444444-0000-0000-0000-000000000010'),
  ('55000010-0001-4000-8000-000000000044', 'baidu-cloud', 'Baidu Cloud', '#306DE5', '["百度网盘"]', '44444444-0000-0000-0000-000000000010'),
  ('55000010-0001-4000-8000-000000000045', 'aliyun-drive', 'Aliyun Drive', '#0077FF', '["阿里云盘"]', '44444444-0000-0000-0000-000000000010'),
  ('55000010-0001-4000-8000-000000000046', 'naver-mybox', 'NAVER MYBOX', '#03C75A', '[]', '44444444-0000-0000-0000-000000000010'),
  ('55000010-0001-4000-8000-000000000047', 'cryptee', 'Cryptee', '#000000', '[]', '44444444-0000-0000-0000-000000000010'),
  ('55000010-0001-4000-8000-000000000048', 'smash', 'Smash', '#000000', '[]', '44444444-0000-0000-0000-000000000010'),
  ('55000010-0001-4000-8000-000000000049', 'do-spaces', 'DO Spaces', '#0080FF', '[]', '44444444-0000-0000-0000-000000000010'),
  ('55000010-0001-4000-8000-000000000050', 'hightail', 'Hightail', '#0089FF', '[]', '44444444-0000-0000-0000-000000000010'),
  ('55000011-0001-4000-8000-000000000001', 'mullvad', 'Mullvad', '#FFD524', '[]', '44444444-0000-0000-0000-000000000011'),
  ('55000011-0001-4000-8000-000000000002', 'windscribe', 'Windscribe', '#1D2D50', '[]', '44444444-0000-0000-0000-000000000011'),
  ('55000011-0001-4000-8000-000000000003', 'protonvpn', 'ProtonVPN', '#66DEB1', '[]', '44444444-0000-0000-0000-000000000011'),
  ('55000011-0001-4000-8000-000000000004', 'warp-cf', 'WARP', '#F38020', '["1.1.1.1"]', '44444444-0000-0000-0000-000000000011'),
  ('55000011-0001-4000-8000-000000000005', '1password', '1Password', '#0094F5', '["ванпассворд"]', '44444444-0000-0000-0000-000000000011'),
  ('55000011-0001-4000-8000-000000000006', 'bitwarden', 'Bitwarden', '#175DDC', '[]', '44444444-0000-0000-0000-000000000011'),
  ('55000011-0001-4000-8000-000000000007', 'lastpass', 'LastPass', '#D32D27', '[]', '44444444-0000-0000-0000-000000000011'),
  ('55000011-0001-4000-8000-000000000008', 'dashlane', 'Dashlane', '#0E353D', '[]', '44444444-0000-0000-0000-000000000011'),
  ('55000011-0001-4000-8000-000000000009', 'keeper', 'Keeper', '#0078D4', '[]', '44444444-0000-0000-0000-000000000011'),
  ('55000011-0001-4000-8000-000000000010', 'nordpass', 'NordPass', '#47C97B', '[]', '44444444-0000-0000-0000-000000000011'),
  ('55000011-0001-4000-8000-000000000011', 'norton', 'Norton', '#FBE122', '[]', '44444444-0000-0000-0000-000000000011'),
  ('55000011-0001-4000-8000-000000000012', 'mcafee', 'McAfee', '#C01818', '[]', '44444444-0000-0000-0000-000000000011'),
  ('55000011-0001-4000-8000-000000000013', 'kaspersky', 'Kaspersky', '#006D5C', '["касперский"]', '44444444-0000-0000-0000-000000000011'),
  ('55000011-0001-4000-8000-000000000014', 'bitdefender', 'Bitdefender', '#ED1C24', '[]', '44444444-0000-0000-0000-000000000011'),
  ('55000011-0001-4000-8000-000000000015', 'eset', 'ESET', '#1EC9A5', '[]', '44444444-0000-0000-0000-000000000011'),
  ('55000011-0001-4000-8000-000000000016', 'malwarebytes', 'Malwarebytes', '#0060FF', '[]', '44444444-0000-0000-0000-000000000011'),
  ('55000011-0001-4000-8000-000000000017', 'nextdns', 'NextDNS', '#007AFF', '[]', '44444444-0000-0000-0000-000000000011'),
  ('55000011-0001-4000-8000-000000000018', 'ghostery', 'Ghostery', '#00AEF0', '[]', '44444444-0000-0000-0000-000000000011'),
  ('55000011-0001-4000-8000-000000000019', 'aura', 'Aura', '#000AFF', '[]', '44444444-0000-0000-0000-000000000011'),
  ('55000011-0001-4000-8000-000000000020', 'simplelogin', 'SimpleLogin', '#6D4AFF', '[]', '44444444-0000-0000-0000-000000000011'),
  ('55000011-0001-4000-8000-000000000021', 'cryptomator', 'Cryptomator', '#49B04A', '[]', '44444444-0000-0000-0000-000000000011'),
  ('55000011-0001-4000-8000-000000000022', 'standard-notes', 'Standard Notes', '#086DD6', '[]', '44444444-0000-0000-0000-000000000011'),
  ('55000011-0001-4000-8000-000000000023', 'ente-auth', 'Ente Auth', '#000000', '[]', '44444444-0000-0000-0000-000000000011'),
  ('55000011-0001-4000-8000-000000000024', 'avira', 'Avira', '#ED1C24', '[]', '44444444-0000-0000-0000-000000000011'),
  ('55000011-0001-4000-8000-000000000025', 'trend-micro', 'Trend Micro', '#D71920', '[]', '44444444-0000-0000-0000-000000000011'),
  ('55000011-0001-4000-8000-000000000026', 'f-secure', 'F-Secure', '#6E2CCC', '[]', '44444444-0000-0000-0000-000000000011'),
  ('55000011-0001-4000-8000-000000000027', 'sophos', 'Sophos Home', '#003366', '[]', '44444444-0000-0000-0000-000000000011'),
  ('55000011-0001-4000-8000-000000000028', '1blocker', '1Blocker', '#4A90D9', '[]', '44444444-0000-0000-0000-000000000011'),
  ('55000011-0001-4000-8000-000000000029', 'lifelock', 'LifeLock', '#FBE122', '[]', '44444444-0000-0000-0000-000000000011'),
  ('55000011-0001-4000-8000-000000000030', 'roboform', 'RoboForm', '#007AC2', '[]', '44444444-0000-0000-0000-000000000011'),
  ('55000011-0001-4000-8000-000000000031', 'enpass', 'Enpass', '#0068BC', '[]', '44444444-0000-0000-0000-000000000011'),
  ('55000011-0001-4000-8000-000000000032', 'zerotier', 'ZeroTier', '#FFB441', '[]', '44444444-0000-0000-0000-000000000011'),
  ('55000011-0001-4000-8000-000000000033', 'twingate', 'Twingate', '#4B48EC', '[]', '44444444-0000-0000-0000-000000000011'),
  ('55000011-0001-4000-8000-000000000034', 'drweb', 'Dr.Web', '#339E33', '["доктор веб"]', '44444444-0000-0000-0000-000000000011'),
  ('55000011-0001-4000-8000-000000000035', 'crowdstrike', 'CrowdStrike', '#F01E29', '[]', '44444444-0000-0000-0000-000000000011'),
  ('55000011-0001-4000-8000-000000000036', 'sentinelone', 'SentinelOne', '#6B2FA0', '[]', '44444444-0000-0000-0000-000000000011'),
  ('55000011-0001-4000-8000-000000000037', 'jamf', 'Jamf', '#403F3F', '[]', '44444444-0000-0000-0000-000000000011'),
  ('55000011-0001-4000-8000-000000000038', 'yubikey', 'YubiKey', '#9ACA3C', '[]', '44444444-0000-0000-0000-000000000011'),
  ('55000011-0001-4000-8000-000000000039', 'authy', 'Authy', '#EC1C24', '[]', '44444444-0000-0000-0000-000000000011'),
  ('55000011-0001-4000-8000-000000000040', 'firefox-relay', 'Firefox Relay', '#FF7139', '[]', '44444444-0000-0000-0000-000000000011'),
  ('55000011-0001-4000-8000-000000000041', 'hide-me', 'hide.me', '#356CFF', '[]', '44444444-0000-0000-0000-000000000011'),
  ('55000011-0001-4000-8000-000000000042', 'perfect-privacy', 'Perfect Privacy', '#2B5B84', '[]', '44444444-0000-0000-0000-000000000011'),
  ('55000011-0001-4000-8000-000000000043', 'ivpn', 'IVPN', '#398FE6', '[]', '44444444-0000-0000-0000-000000000011'),
  ('55000011-0001-4000-8000-000000000044', 'astrill', 'Astrill VPN', '#FF6600', '[]', '44444444-0000-0000-0000-000000000011'),
  ('55000011-0001-4000-8000-000000000045', 'hotspot-shield', 'Hotspot Shield', '#50C878', '[]', '44444444-0000-0000-0000-000000000011'),
  ('55000011-0001-4000-8000-000000000046', 'strongvpn', 'StrongVPN', '#000000', '[]', '44444444-0000-0000-0000-000000000011'),
  ('55000011-0001-4000-8000-000000000047', 'atlasvpn', 'Atlas VPN', '#5F2EEA', '[]', '44444444-0000-0000-0000-000000000011'),
  ('55000011-0001-4000-8000-000000000048', 'purplevpn', 'PureVPN', '#5F2EEA', '[]', '44444444-0000-0000-0000-000000000011'),
  ('55000011-0001-4000-8000-000000000049', 'torguard', 'TorGuard', '#FF6F00', '[]', '44444444-0000-0000-0000-000000000011'),
  ('55000011-0001-4000-8000-000000000050', 'avast', 'Avast', '#FF7800', '[]', '44444444-0000-0000-0000-000000000011'),
  ('55000012-0001-4000-8000-000000000001', 'slack', 'Slack', '#4A154B', '["слак"]', '44444444-0000-0000-0000-000000000012'),
  ('55000012-0001-4000-8000-000000000002', 'zoom', 'Zoom', '#2D8CFF', '["зум"]', '44444444-0000-0000-0000-000000000012'),
  ('55000012-0001-4000-8000-000000000003', 'teams', 'Microsoft Teams', '#5558AF', '["тимс"]', '44444444-0000-0000-0000-000000000012'),
  ('55000012-0001-4000-8000-000000000004', 'whatsapp', 'WhatsApp Business', '#25D366', '["вотсап"]', '44444444-0000-0000-0000-000000000012'),
  ('55000012-0001-4000-8000-000000000005', 'signal', 'Signal', '#3A76F0', '[]', '44444444-0000-0000-0000-000000000012'),
  ('55000012-0001-4000-8000-000000000006', 'x-premium', 'X Premium', '#000000', '["твиттер","twitter"]', '44444444-0000-0000-0000-000000000012'),
  ('55000012-0001-4000-8000-000000000007', 'linkedin', 'LinkedIn Premium', '#0A66C2', '[]', '44444444-0000-0000-0000-000000000012'),
  ('55000012-0001-4000-8000-000000000008', 'reddit', 'Reddit Premium', '#FF4500', '["реддит"]', '44444444-0000-0000-0000-000000000012'),
  ('55000012-0001-4000-8000-000000000009', 'snapchat', 'Snapchat+', '#FFFC00', '["снэпчат"]', '44444444-0000-0000-0000-000000000012'),
  ('55000012-0001-4000-8000-000000000010', 'tinder', 'Tinder', '#FE3C72', '["тиндер"]', '44444444-0000-0000-0000-000000000012'),
  ('55000012-0001-4000-8000-000000000011', 'bumble', 'Bumble', '#FFC629', '["бамбл"]', '44444444-0000-0000-0000-000000000012'),
  ('55000012-0001-4000-8000-000000000012', 'hinge', 'Hinge', '#000000', '[]', '44444444-0000-0000-0000-000000000012'),
  ('55000012-0001-4000-8000-000000000013', 'okcupid', 'OkCupid', '#0000FF', '[]', '44444444-0000-0000-0000-000000000012'),
  ('55000012-0001-4000-8000-000000000014', 'badoo', 'Badoo', '#783BF9', '["баду"]', '44444444-0000-0000-0000-000000000012'),
  ('55000012-0001-4000-8000-000000000015', 'grindr', 'Grindr', '#F5C518', '[]', '44444444-0000-0000-0000-000000000012'),
  ('55000012-0001-4000-8000-000000000016', 'eharmony', 'eHarmony', '#EC407A', '[]', '44444444-0000-0000-0000-000000000012'),
  ('55000012-0001-4000-8000-000000000017', 'match', 'Match.com', '#F05F70', '[]', '44444444-0000-0000-0000-000000000012'),
  ('55000012-0001-4000-8000-000000000018', 'mamba', 'Mamba', '#FF4081', '["мамба"]', '44444444-0000-0000-0000-000000000012'),
  ('55000012-0001-4000-8000-000000000019', 'pure', 'Pure', '#000000', '[]', '44444444-0000-0000-0000-000000000012'),
  ('55000012-0001-4000-8000-000000000020', 'webex', 'Webex', '#000000', '[]', '44444444-0000-0000-0000-000000000012'),
  ('55000012-0001-4000-8000-000000000021', 'ringcentral', 'RingCentral', '#FF8800', '[]', '44444444-0000-0000-0000-000000000012'),
  ('55000012-0001-4000-8000-000000000022', 'lark', 'Lark', '#3370FF', '[]', '44444444-0000-0000-0000-000000000012'),
  ('55000012-0001-4000-8000-000000000023', 'mattermost', 'Mattermost', '#0058CC', '[]', '44444444-0000-0000-0000-000000000012'),
  ('55000012-0001-4000-8000-000000000024', 'element', 'Element', '#0DBD8B', '[]', '44444444-0000-0000-0000-000000000012'),
  ('55000012-0001-4000-8000-000000000025', 'threema', 'Threema', '#3FE669', '[]', '44444444-0000-0000-0000-000000000012'),
  ('55000012-0001-4000-8000-000000000026', 'mastodon', 'Mastodon', '#6364FF', '[]', '44444444-0000-0000-0000-000000000012'),
  ('55000012-0001-4000-8000-000000000027', 'bluesky', 'Bluesky', '#0085FF', '[]', '44444444-0000-0000-0000-000000000012'),
  ('55000012-0001-4000-8000-000000000028', 'clubhouse', 'Clubhouse', '#F2E5C7', '[]', '44444444-0000-0000-0000-000000000012'),
  ('55000012-0001-4000-8000-000000000029', 'bereal', 'BeReal', '#000000', '[]', '44444444-0000-0000-0000-000000000012'),
  ('55000012-0001-4000-8000-000000000030', 'viber', 'Viber', '#7360F2', '["вайбер"]', '44444444-0000-0000-0000-000000000012'),
  ('55000012-0001-4000-8000-000000000031', 'line', 'LINE', '#06C755', '[]', '44444444-0000-0000-0000-000000000012'),
  ('55000012-0001-4000-8000-000000000032', 'kakaotalk', 'KakaoTalk', '#3C1E1E', '["카카오톡"]', '44444444-0000-0000-0000-000000000012'),
  ('55000012-0001-4000-8000-000000000033', 'wechat', 'WeChat', '#07C160', '["вичат"]', '44444444-0000-0000-0000-000000000012'),
  ('55000012-0001-4000-8000-000000000034', 'skype', 'Skype', '#00AFF0', '["скайп"]', '44444444-0000-0000-0000-000000000012'),
  ('55000012-0001-4000-8000-000000000035', 'guilded', 'Guilded', '#F5C400', '[]', '44444444-0000-0000-0000-000000000012'),
  ('55000012-0001-4000-8000-000000000036', 'teamspeak', 'TeamSpeak', '#2580C3', '["тимспик"]', '44444444-0000-0000-0000-000000000012'),
  ('55000012-0001-4000-8000-000000000037', 'tumblr', 'Tumblr', '#36465D', '["тамблер"]', '44444444-0000-0000-0000-000000000012'),
  ('55000012-0001-4000-8000-000000000038', 'wire', 'Wire', '#000000', '[]', '44444444-0000-0000-0000-000000000012'),
  ('55000012-0001-4000-8000-000000000039', 'zulip', 'Zulip', '#6492FE', '[]', '44444444-0000-0000-0000-000000000012'),
  ('55000012-0001-4000-8000-000000000040', 'pumble', 'Pumble', '#7B68EE', '[]', '44444444-0000-0000-0000-000000000012'),
  ('55000012-0001-4000-8000-000000000041', 'twist', 'Twist', '#5B43D6', '[]', '44444444-0000-0000-0000-000000000012'),
  ('55000012-0001-4000-8000-000000000042', 'workplace', 'Workplace', '#1877F2', '[]', '44444444-0000-0000-0000-000000000012'),
  ('55000012-0001-4000-8000-000000000043', 'google-meet', 'Google Meet', '#00897B', '[]', '44444444-0000-0000-0000-000000000012'),
  ('55000012-0001-4000-8000-000000000044', 'happn', 'happn', '#FF6B6B', '[]', '44444444-0000-0000-0000-000000000012'),
  ('55000012-0001-4000-8000-000000000045', 'her', 'HER', '#D63384', '[]', '44444444-0000-0000-0000-000000000012'),
  ('55000012-0001-4000-8000-000000000046', 'feeld', 'Feeld', '#000000', '[]', '44444444-0000-0000-0000-000000000012'),
  ('55000012-0001-4000-8000-000000000047', 'coffee-meets-bagel', 'Coffee Meets Bagel', '#FAB958', '[]', '44444444-0000-0000-0000-000000000012'),
  ('55000012-0001-4000-8000-000000000048', 'the-league', 'The League', '#000000', '[]', '44444444-0000-0000-0000-000000000012'),
  ('55000012-0001-4000-8000-000000000049', 'goto-meeting', 'GoTo Meeting', '#FF7A00', '[]', '44444444-0000-0000-0000-000000000012'),
  ('55000012-0001-4000-8000-000000000050', 'imo', 'imo', '#5ED958', '[]', '44444444-0000-0000-0000-000000000012'),
  ('55000013-0001-4000-8000-000000000001', 'costco', 'Costco', '#E31837', '["костко"]', '44444444-0000-0000-0000-000000000013'),
  ('55000013-0001-4000-8000-000000000002', 'walmart-plus', 'Walmart+', '#0071DC', '[]', '44444444-0000-0000-0000-000000000013'),
  ('55000013-0001-4000-8000-000000000003', 'instacart-plus', 'Instacart+', '#43B02A', '[]', '44444444-0000-0000-0000-000000000013'),
  ('55000013-0001-4000-8000-000000000004', 'ozon-premium', 'Ozon Premium', '#005BFF', '["озон"]', '44444444-0000-0000-0000-000000000013'),
  ('55000013-0001-4000-8000-000000000005', 'wildberries', 'Wildberries', '#52124A', '["вб"]', '44444444-0000-0000-0000-000000000013'),
  ('55000013-0001-4000-8000-000000000006', 'kaspi', 'Kaspi Магазин', '#FF0024', '["каспи"]', '44444444-0000-0000-0000-000000000013'),
  ('55000013-0001-4000-8000-000000000007', 'coupang', 'Coupang Rocket', '#BE292C', '["쿠팡"]', '44444444-0000-0000-0000-000000000013'),
  ('55000013-0001-4000-8000-000000000008', 'rakuten', 'Rakuten', '#BF0000', '["楽天"]', '44444444-0000-0000-0000-000000000013'),
  ('55000013-0001-4000-8000-000000000009', 'flipkart', 'Flipkart Plus', '#2874F0', '[]', '44444444-0000-0000-0000-000000000013'),
  ('55000013-0001-4000-8000-000000000010', 'mercado-libre', 'Mercado Libre', '#FFE600', '[]', '44444444-0000-0000-0000-000000000013'),
  ('55000013-0001-4000-8000-000000000011', 'shopee', 'Shopee', '#EE4D2D', '[]', '44444444-0000-0000-0000-000000000013'),
  ('55000013-0001-4000-8000-000000000012', 'ebay-plus', 'eBay Plus', '#E53238', '["ибей"]', '44444444-0000-0000-0000-000000000013'),
  ('55000013-0001-4000-8000-000000000013', 'asos', 'ASOS Premier', '#000000', '[]', '44444444-0000-0000-0000-000000000013'),
  ('55000013-0001-4000-8000-000000000014', 'zalando', 'Zalando Plus', '#FF6900', '[]', '44444444-0000-0000-0000-000000000013'),
  ('55000013-0001-4000-8000-000000000015', 'nike', 'Nike Membership', '#000000', '[]', '44444444-0000-0000-0000-000000000013'),
  ('55000013-0001-4000-8000-000000000016', 'ikea', 'IKEA Family', '#0058AB', '["икея"]', '44444444-0000-0000-0000-000000000013'),
  ('55000013-0001-4000-8000-000000000017', 'stitch-fix', 'Stitch Fix', '#00857C', '[]', '44444444-0000-0000-0000-000000000013'),
  ('55000013-0001-4000-8000-000000000018', 'fabfitfun', 'FabFitFun', '#E47193', '[]', '44444444-0000-0000-0000-000000000013'),
  ('55000013-0001-4000-8000-000000000019', 'dollar-shave', 'Dollar Shave Club', '#004990', '[]', '44444444-0000-0000-0000-000000000013'),
  ('55000013-0001-4000-8000-000000000020', 'barkbox', 'BarkBox', '#00B3E3', '[]', '44444444-0000-0000-0000-000000000013'),
  ('55000013-0001-4000-8000-000000000021', 'chewy', 'Chewy Autoship', '#1C49C2', '[]', '44444444-0000-0000-0000-000000000013'),
  ('55000013-0001-4000-8000-000000000022', 'birchbox', 'Birchbox', '#000000', '[]', '44444444-0000-0000-0000-000000000013'),
  ('55000013-0001-4000-8000-000000000023', 'ipsy', 'Ipsy', '#000000', '[]', '44444444-0000-0000-0000-000000000013'),
  ('55000013-0001-4000-8000-000000000024', 'thrive-market', 'Thrive Market', '#009E60', '[]', '44444444-0000-0000-0000-000000000013'),
  ('55000013-0001-4000-8000-000000000025', 'shipt', 'Shipt', '#007A3E', '[]', '44444444-0000-0000-0000-000000000013'),
  ('55000013-0001-4000-8000-000000000026', 'rent-the-runway', 'Rent the Runway', '#000000', '[]', '44444444-0000-0000-0000-000000000013'),
  ('55000013-0001-4000-8000-000000000027', 'trade-coffee', 'Trade Coffee', '#000000', '[]', '44444444-0000-0000-0000-000000000013'),
  ('55000013-0001-4000-8000-000000000028', 'bokksu', 'Bokksu', '#C41E3A', '[]', '44444444-0000-0000-0000-000000000013'),
  ('55000013-0001-4000-8000-000000000029', 'loot-crate', 'Loot Crate', '#000000', '[]', '44444444-0000-0000-0000-000000000013'),
  ('55000013-0001-4000-8000-000000000030', 'sams-club', 'Sam''s Club', '#0060A9', '[]', '44444444-0000-0000-0000-000000000013'),
  ('55000013-0001-4000-8000-000000000031', 'sephora', 'Sephora', '#000000', '[]', '44444444-0000-0000-0000-000000000013'),
  ('55000013-0001-4000-8000-000000000032', 'target-circle', 'Target Circle', '#CC0000', '[]', '44444444-0000-0000-0000-000000000013'),
  ('55000013-0001-4000-8000-000000000033', 'best-buy', 'Best Buy Totaltech', '#0046BE', '[]', '44444444-0000-0000-0000-000000000013'),
  ('55000013-0001-4000-8000-000000000034', 'adidas', 'adidas adiClub', '#000000', '[]', '44444444-0000-0000-0000-000000000013'),
  ('55000013-0001-4000-8000-000000000035', 'rei', 'REI Co-op', '#005A2B', '[]', '44444444-0000-0000-0000-000000000013'),
  ('55000013-0001-4000-8000-000000000036', 'tesco', 'Tesco Clubcard', '#00539F', '[]', '44444444-0000-0000-0000-000000000013'),
  ('55000013-0001-4000-8000-000000000037', 'lidl', 'Lidl Plus', '#1D428A', '[]', '44444444-0000-0000-0000-000000000013'),
  ('55000013-0001-4000-8000-000000000038', 'universal-yums', 'Universal Yums', '#00AEEF', '[]', '44444444-0000-0000-0000-000000000013'),
  ('55000013-0001-4000-8000-000000000039', 'blue-bottle', 'Blue Bottle Coffee', '#0D4F8B', '[]', '44444444-0000-0000-0000-000000000013'),
  ('55000013-0001-4000-8000-000000000040', 'winc', 'Winc', '#000000', '[]', '44444444-0000-0000-0000-000000000013'),
  ('55000013-0001-4000-8000-000000000041', 'naked-wines', 'Naked Wines', '#66023C', '[]', '44444444-0000-0000-0000-000000000013'),
  ('55000013-0001-4000-8000-000000000042', 'harrys', 'Harry''s', '#002D72', '[]', '44444444-0000-0000-0000-000000000013'),
  ('55000013-0001-4000-8000-000000000043', 'lazada', 'Lazada', '#0F146D', '[]', '44444444-0000-0000-0000-000000000013'),
  ('55000013-0001-4000-8000-000000000044', 'atlas-coffee', 'Atlas Coffee Club', '#8B5E3C', '[]', '44444444-0000-0000-0000-000000000013'),
  ('55000013-0001-4000-8000-000000000045', 'boxycharm', 'BoxyCharm', '#000000', '[]', '44444444-0000-0000-0000-000000000013'),
  ('55000013-0001-4000-8000-000000000046', 'glossybox', 'GLOSSYBOX', '#FFB6C1', '[]', '44444444-0000-0000-0000-000000000013'),
  ('55000013-0001-4000-8000-000000000047', 'bright-cellars', 'Bright Cellars', '#670099', '[]', '44444444-0000-0000-0000-000000000013'),
  ('55000013-0001-4000-8000-000000000048', 'yandex-market', 'Яндекс Маркет', '#FFCC00', '["маркет"]', '44444444-0000-0000-0000-000000000013'),
  ('55000013-0001-4000-8000-000000000049', 'lamoda', 'Lamoda', '#000000', '["ламода"]', '44444444-0000-0000-0000-000000000013'),
  ('55000013-0001-4000-8000-000000000050', 'sber-megamarket', 'СберМегаМаркет', '#21A038', '["мегамаркет"]', '44444444-0000-0000-0000-000000000013'),
  ('55000014-0001-4000-8000-000000000001', 'strava', 'Strava', '#FC4C02', '["страва"]', '44444444-0000-0000-0000-000000000014'),
  ('55000014-0001-4000-8000-000000000002', 'myfitnesspal', 'MyFitnessPal', '#0070E0', '[]', '44444444-0000-0000-0000-000000000014'),
  ('55000014-0001-4000-8000-000000000003', 'headspace', 'Headspace', '#F47D31', '[]', '44444444-0000-0000-0000-000000000014'),
  ('55000014-0001-4000-8000-000000000004', 'calm', 'Calm', '#4891D0', '[]', '44444444-0000-0000-0000-000000000014'),
  ('55000014-0001-4000-8000-000000000005', 'peloton', 'Peloton', '#000000', '["пелотон"]', '44444444-0000-0000-0000-000000000014'),
  ('55000014-0001-4000-8000-000000000006', 'apple-fitness', 'Apple Fitness+', '#6CDF3E', '[]', '44444444-0000-0000-0000-000000000014'),
  ('55000014-0001-4000-8000-000000000007', 'fitbit', 'Fitbit Premium', '#00B0B9', '["фитбит"]', '44444444-0000-0000-0000-000000000014'),
  ('55000014-0001-4000-8000-000000000008', 'noom', 'Noom', '#08BFAF', '[]', '44444444-0000-0000-0000-000000000014'),
  ('55000014-0001-4000-8000-000000000009', 'whoop', 'WHOOP', '#44D62C', '[]', '44444444-0000-0000-0000-000000000014'),
  ('55000014-0001-4000-8000-000000000010', 'oura', 'Oura Ring', '#9B9B9B', '[]', '44444444-0000-0000-0000-000000000014'),
  ('55000014-0001-4000-8000-000000000011', 'garmin', 'Garmin Connect', '#000000', '["гармин"]', '44444444-0000-0000-0000-000000000014'),
  ('55000014-0001-4000-8000-000000000012', 'zwift', 'Zwift', '#FC6719', '[]', '44444444-0000-0000-0000-000000000014'),
  ('55000014-0001-4000-8000-000000000013', 'nike-training', 'Nike Training Club', '#000000', '[]', '44444444-0000-0000-0000-000000000014'),
  ('55000014-0001-4000-8000-000000000014', 'freeletics', 'Freeletics', '#000000', '[]', '44444444-0000-0000-0000-000000000014'),
  ('55000014-0001-4000-8000-000000000015', 'strong', 'Strong', '#1E90FF', '[]', '44444444-0000-0000-0000-000000000014'),
  ('55000014-0001-4000-8000-000000000016', 'hevy', 'Hevy', '#2ECC71', '[]', '44444444-0000-0000-0000-000000000014'),
  ('55000014-0001-4000-8000-000000000017', 'fitbod', 'Fitbod', '#FF5722', '[]', '44444444-0000-0000-0000-000000000014'),
  ('55000014-0001-4000-8000-000000000018', 'down-dog', 'Down Dog', '#2EACB8', '[]', '44444444-0000-0000-0000-000000000014'),
  ('55000014-0001-4000-8000-000000000019', 'insight-timer', 'Insight Timer', '#8462C6', '[]', '44444444-0000-0000-0000-000000000014'),
  ('55000014-0001-4000-8000-000000000020', 'betterhelp', 'BetterHelp', '#1E7F72', '[]', '44444444-0000-0000-0000-000000000014'),
  ('55000014-0001-4000-8000-000000000021', 'talkspace', 'Talkspace', '#00796B', '[]', '44444444-0000-0000-0000-000000000014'),
  ('55000014-0001-4000-8000-000000000022', 'sleep-cycle', 'Sleep Cycle', '#0672B6', '[]', '44444444-0000-0000-0000-000000000014'),
  ('55000014-0001-4000-8000-000000000023', 'flo-health', 'Flo', '#FF5A7A', '["фло"]', '44444444-0000-0000-0000-000000000014'),
  ('55000014-0001-4000-8000-000000000024', 'clue', 'Clue', '#6BB48C', '[]', '44444444-0000-0000-0000-000000000014'),
  ('55000014-0001-4000-8000-000000000025', 'alltrails', 'AllTrails', '#428813', '[]', '44444444-0000-0000-0000-000000000014'),
  ('55000014-0001-4000-8000-000000000026', 'komoot', 'Komoot', '#6AA127', '[]', '44444444-0000-0000-0000-000000000014'),
  ('55000014-0001-4000-8000-000000000027', 'lose-it', 'Lose It!', '#FF9500', '[]', '44444444-0000-0000-0000-000000000014'),
  ('55000014-0001-4000-8000-000000000028', 'cronometer', 'Cronometer', '#FF6B00', '[]', '44444444-0000-0000-0000-000000000014'),
  ('55000014-0001-4000-8000-000000000029', 'macrofactor', 'MacroFactor', '#5B4CF5', '[]', '44444444-0000-0000-0000-000000000014'),
  ('55000014-0001-4000-8000-000000000030', 'yazio', 'YAZIO', '#86C440', '[]', '44444444-0000-0000-0000-000000000014'),
  ('55000014-0001-4000-8000-000000000031', 'lifesum', 'Lifesum', '#16C79A', '[]', '44444444-0000-0000-0000-000000000014'),
  ('55000014-0001-4000-8000-000000000032', 'weightwatchers', 'WeightWatchers', '#00248D', '["ww"]', '44444444-0000-0000-0000-000000000014'),
  ('55000014-0001-4000-8000-000000000033', 'alo-moves', 'Alo Moves', '#000000', '[]', '44444444-0000-0000-0000-000000000014'),
  ('55000014-0001-4000-8000-000000000034', 'les-mills', 'Les Mills+', '#000000', '[]', '44444444-0000-0000-0000-000000000014'),
  ('55000014-0001-4000-8000-000000000035', 'sweat', 'Sweat', '#E63975', '[]', '44444444-0000-0000-0000-000000000014'),
  ('55000014-0001-4000-8000-000000000036', 'waking-up', 'Waking Up', '#000000', '[]', '44444444-0000-0000-0000-000000000014'),
  ('55000014-0001-4000-8000-000000000037', 'ten-percent', 'Ten Percent Happier', '#000000', '[]', '44444444-0000-0000-0000-000000000014'),
  ('55000014-0001-4000-8000-000000000038', 'balance', 'Balance', '#6B5CE7', '[]', '44444444-0000-0000-0000-000000000014'),
  ('55000014-0001-4000-8000-000000000039', 'runkeeper', 'Runkeeper', '#2DC5F4', '[]', '44444444-0000-0000-0000-000000000014'),
  ('55000014-0001-4000-8000-000000000040', 'mapmyrun', 'MapMyRun', '#EA1D25', '[]', '44444444-0000-0000-0000-000000000014'),
  ('55000014-0001-4000-8000-000000000041', 'trainerroad', 'TrainerRoad', '#E12726', '[]', '44444444-0000-0000-0000-000000000014'),
  ('55000014-0001-4000-8000-000000000042', 'tonal', 'Tonal', '#000000', '[]', '44444444-0000-0000-0000-000000000014'),
  ('55000014-0001-4000-8000-000000000043', 'hydrow', 'Hydrow', '#000000', '[]', '44444444-0000-0000-0000-000000000014'),
  ('55000014-0001-4000-8000-000000000044', 'centr', 'Centr', '#000000', '[]', '44444444-0000-0000-0000-000000000014'),
  ('55000014-0001-4000-8000-000000000045', 'fiit', 'FIIT', '#000000', '[]', '44444444-0000-0000-0000-000000000014'),
  ('55000014-0001-4000-8000-000000000046', 'daylio', 'Daylio', '#000000', '[]', '44444444-0000-0000-0000-000000000014'),
  ('55000014-0001-4000-8000-000000000047', 'meditopia', 'Meditopia', '#9B59B6', '[]', '44444444-0000-0000-0000-000000000014'),
  ('55000014-0001-4000-8000-000000000048', 'rouvy', 'ROUVY', '#FF4646', '[]', '44444444-0000-0000-0000-000000000014'),
  ('55000014-0001-4000-8000-000000000049', 'bearable', 'Bearable', '#4A90D9', '[]', '44444444-0000-0000-0000-000000000014'),
  ('55000014-0001-4000-8000-000000000050', 'petit-bambou', 'Petit BamBou', '#F4A460', '[]', '44444444-0000-0000-0000-000000000014'),
  ('55000015-0001-4000-8000-000000000001', 'uber-eats', 'Uber Eats', '#06C167', '["убер"]', '44444444-0000-0000-0000-000000000015'),
  ('55000015-0001-4000-8000-000000000002', 'doordash', 'DoorDash', '#FF3008', '[]', '44444444-0000-0000-0000-000000000015'),
  ('55000015-0001-4000-8000-000000000003', 'grubhub', 'Grubhub', '#F63440', '[]', '44444444-0000-0000-0000-000000000015'),
  ('55000015-0001-4000-8000-000000000004', 'deliveroo', 'Deliveroo', '#00CCBC', '[]', '44444444-0000-0000-0000-000000000015'),
  ('55000015-0001-4000-8000-000000000005', 'just-eat', 'Just Eat', '#FF8000', '[]', '44444444-0000-0000-0000-000000000015'),
  ('55000015-0001-4000-8000-000000000006', 'bolt-food', 'Bolt Food', '#34D186', '[]', '44444444-0000-0000-0000-000000000015'),
  ('55000015-0001-4000-8000-000000000007', 'hellofresh', 'HelloFresh', '#99CC33', '[]', '44444444-0000-0000-0000-000000000015'),
  ('55000015-0001-4000-8000-000000000008', 'blue-apron', 'Blue Apron', '#0074C8', '[]', '44444444-0000-0000-0000-000000000015'),
  ('55000015-0001-4000-8000-000000000009', 'factor', 'Factor', '#6AB04C', '[]', '44444444-0000-0000-0000-000000000015'),
  ('55000015-0001-4000-8000-000000000010', 'home-chef', 'Home Chef', '#F26F21', '[]', '44444444-0000-0000-0000-000000000015'),
  ('55000015-0001-4000-8000-000000000011', 'everyplate', 'EveryPlate', '#FC6E2C', '[]', '44444444-0000-0000-0000-000000000015'),
  ('55000015-0001-4000-8000-000000000012', 'daily-harvest', 'Daily Harvest', '#00463D', '[]', '44444444-0000-0000-0000-000000000015'),
  ('55000015-0001-4000-8000-000000000013', 'butcherbox', 'ButcherBox', '#76232F', '[]', '44444444-0000-0000-0000-000000000015'),
  ('55000015-0001-4000-8000-000000000014', 'gopuff', 'Gopuff', '#00599D', '[]', '44444444-0000-0000-0000-000000000015'),
  ('55000015-0001-4000-8000-000000000015', 'instacart', 'Instacart', '#43B02A', '[]', '44444444-0000-0000-0000-000000000015'),
  ('55000015-0001-4000-8000-000000000016', 'swiggy', 'Swiggy', '#FC8019', '[]', '44444444-0000-0000-0000-000000000015'),
  ('55000015-0001-4000-8000-000000000017', 'zomato', 'Zomato', '#E23744', '[]', '44444444-0000-0000-0000-000000000015'),
  ('55000015-0001-4000-8000-000000000018', 'foodpanda', 'foodpanda', '#D70F64', '[]', '44444444-0000-0000-0000-000000000015'),
  ('55000015-0001-4000-8000-000000000019', 'rappi', 'Rappi', '#FF441F', '[]', '44444444-0000-0000-0000-000000000015'),
  ('55000015-0001-4000-8000-000000000020', 'ifood', 'iFood', '#EA1D2C', '[]', '44444444-0000-0000-0000-000000000015'),
  ('55000015-0001-4000-8000-000000000021', 'grab-food', 'GrabFood', '#00B14F', '[]', '44444444-0000-0000-0000-000000000015'),
  ('55000015-0001-4000-8000-000000000022', 'meituan', 'Meituan', '#FFDD00', '["美团"]', '44444444-0000-0000-0000-000000000015'),
  ('55000015-0001-4000-8000-000000000023', 'ele-me', 'Ele.me', '#2196F3', '["饿了么"]', '44444444-0000-0000-0000-000000000015'),
  ('55000015-0001-4000-8000-000000000024', 'coupang-eats', 'Coupang Eats', '#BE292C', '[]', '44444444-0000-0000-0000-000000000015'),
  ('55000015-0001-4000-8000-000000000025', 'talabat', 'Talabat', '#FF5722', '["طلبات"]', '44444444-0000-0000-0000-000000000015'),
  ('55000015-0001-4000-8000-000000000026', 'samokat', 'Самокат', '#FF0032', '["samokat"]', '44444444-0000-0000-0000-000000000015'),
  ('55000015-0001-4000-8000-000000000027', 'yandex-lavka', 'Яндекс Лавка', '#FFCC00', '["лавка"]', '44444444-0000-0000-0000-000000000015'),
  ('55000015-0001-4000-8000-000000000028', 'sbermarket', 'СберМаркет', '#21A038', '[]', '44444444-0000-0000-0000-000000000015'),
  ('55000015-0001-4000-8000-000000000029', 'yandex-eda', 'Яндекс Еда', '#FFCC00', '["еда"]', '44444444-0000-0000-0000-000000000015'),
  ('55000015-0001-4000-8000-000000000030', 'delivery-club', 'Delivery Club', '#26C768', '["ДК"]', '44444444-0000-0000-0000-000000000015'),
  ('55000015-0001-4000-8000-000000000031', 'getir', 'Getir', '#5D3EBC', '[]', '44444444-0000-0000-0000-000000000015'),
  ('55000015-0001-4000-8000-000000000032', 'picnic', 'Picnic', '#E4003A', '[]', '44444444-0000-0000-0000-000000000015'),
  ('55000015-0001-4000-8000-000000000033', 'green-chef', 'Green Chef', '#007236', '[]', '44444444-0000-0000-0000-000000000015'),
  ('55000015-0001-4000-8000-000000000034', 'dinnerly', 'Dinnerly', '#FF7928', '[]', '44444444-0000-0000-0000-000000000015'),
  ('55000015-0001-4000-8000-000000000035', 'marley-spoon', 'Marley Spoon', '#1D1D1B', '[]', '44444444-0000-0000-0000-000000000015'),
  ('55000015-0001-4000-8000-000000000036', 'cookunity', 'CookUnity', '#000000', '[]', '44444444-0000-0000-0000-000000000015'),
  ('55000015-0001-4000-8000-000000000037', 'freshly', 'Freshly', '#3DB54A', '[]', '44444444-0000-0000-0000-000000000015'),
  ('55000015-0001-4000-8000-000000000038', 'baemin', 'Baedal Minjok', '#4ECDC4', '["배민"]', '44444444-0000-0000-0000-000000000015'),
  ('55000015-0001-4000-8000-000000000039', 'careem', 'Careem NOW', '#3BBB4F', '[]', '44444444-0000-0000-0000-000000000015'),
  ('55000015-0001-4000-8000-000000000040', 'kuper', 'Купер', '#6B4C9A', '[]', '44444444-0000-0000-0000-000000000015'),
  ('55000015-0001-4000-8000-000000000041', 'hungryroot', 'Hungryroot', '#005C2F', '[]', '44444444-0000-0000-0000-000000000015'),
  ('55000015-0001-4000-8000-000000000042', 'purple-carrot', 'Purple Carrot', '#6A0DAD', '[]', '44444444-0000-0000-0000-000000000015'),
  ('55000015-0001-4000-8000-000000000043', 'sun-basket', 'Sun Basket', '#004D40', '[]', '44444444-0000-0000-0000-000000000015'),
  ('55000015-0001-4000-8000-000000000044', 'tovala', 'Tovala', '#000000', '[]', '44444444-0000-0000-0000-000000000015'),
  ('55000015-0001-4000-8000-000000000045', 'gobble', 'Gobble', '#FF6B35', '[]', '44444444-0000-0000-0000-000000000015'),
  ('55000015-0001-4000-8000-000000000046', 'sakara', 'Sakara Life', '#F0E6D3', '[]', '44444444-0000-0000-0000-000000000015'),
  ('55000015-0001-4000-8000-000000000047', 'imperfect-foods', 'Imperfect Foods', '#28553A', '[]', '44444444-0000-0000-0000-000000000015'),
  ('55000015-0001-4000-8000-000000000048', 'flink', 'Flink', '#E2028C', '[]', '44444444-0000-0000-0000-000000000015'),
  ('55000015-0001-4000-8000-000000000049', 'chocofood', 'Chocofood', '#FF6B35', '["чокофуд"]', '44444444-0000-0000-0000-000000000015'),
  ('55000015-0001-4000-8000-000000000050', 'arbuz', 'Арбуз', '#43B02A', '["arbuz"]', '44444444-0000-0000-0000-000000000015'),
  ('55000016-0001-4000-8000-000000000001', 'coursera', 'Coursera', '#2A73CC', '[]', '44444444-0000-0000-0000-000000000016'),
  ('55000016-0001-4000-8000-000000000002', 'udemy', 'Udemy', '#A435F0', '[]', '44444444-0000-0000-0000-000000000016'),
  ('55000016-0001-4000-8000-000000000003', 'edx', 'edX', '#02262B', '[]', '44444444-0000-0000-0000-000000000016'),
  ('55000016-0001-4000-8000-000000000004', 'linkedin-learning', 'LinkedIn Learning', '#0A66C2', '[]', '44444444-0000-0000-0000-000000000016'),
  ('55000016-0001-4000-8000-000000000005', 'masterclass', 'MasterClass', '#000000', '[]', '44444444-0000-0000-0000-000000000016'),
  ('55000016-0001-4000-8000-000000000006', 'brilliant', 'Brilliant', '#000000', '[]', '44444444-0000-0000-0000-000000000016'),
  ('55000016-0001-4000-8000-000000000007', 'duolingo', 'Duolingo', '#58CC02', '["дуолинго"]', '44444444-0000-0000-0000-000000000016'),
  ('55000016-0001-4000-8000-000000000008', 'babbel', 'Babbel', '#FF7E1D', '[]', '44444444-0000-0000-0000-000000000016'),
  ('55000016-0001-4000-8000-000000000009', 'codecademy', 'Codecademy', '#1F4056', '[]', '44444444-0000-0000-0000-000000000016'),
  ('55000016-0001-4000-8000-000000000010', 'pluralsight', 'Pluralsight', '#F15B2A', '[]', '44444444-0000-0000-0000-000000000016'),
  ('55000016-0001-4000-8000-000000000011', 'datacamp', 'DataCamp', '#05192D', '[]', '44444444-0000-0000-0000-000000000016'),
  ('55000016-0001-4000-8000-000000000012', 'skillshare', 'Skillshare', '#00FF84', '[]', '44444444-0000-0000-0000-000000000016'),
  ('55000016-0001-4000-8000-000000000013', 'frontend-masters', 'Frontend Masters', '#C02D28', '[]', '44444444-0000-0000-0000-000000000016'),
  ('55000016-0001-4000-8000-000000000014', 'leetcode', 'LeetCode', '#FFA116', '["литкод"]', '44444444-0000-0000-0000-000000000016'),
  ('55000016-0001-4000-8000-000000000015', 'hackerrank', 'HackerRank', '#00EA64', '[]', '44444444-0000-0000-0000-000000000016'),
  ('55000016-0001-4000-8000-000000000016', 'khan-academy', 'Khan Academy', '#14BF96', '[]', '44444444-0000-0000-0000-000000000016'),
  ('55000016-0001-4000-8000-000000000017', 'rosetta-stone', 'Rosetta Stone', '#0A3866', '[]', '44444444-0000-0000-0000-000000000016'),
  ('55000016-0001-4000-8000-000000000018', 'memrise', 'Memrise', '#FFD700', '[]', '44444444-0000-0000-0000-000000000016'),
  ('55000016-0001-4000-8000-000000000019', 'cambly', 'Cambly', '#3CB371', '[]', '44444444-0000-0000-0000-000000000016'),
  ('55000016-0001-4000-8000-000000000020', 'preply', 'Preply', '#121C2E', '[]', '44444444-0000-0000-0000-000000000016'),
  ('55000016-0001-4000-8000-000000000021', 'italki', 'italki', '#E34B4D', '[]', '44444444-0000-0000-0000-000000000016'),
  ('55000016-0001-4000-8000-000000000022', 'quizlet', 'Quizlet', '#4255FF', '[]', '44444444-0000-0000-0000-000000000016'),
  ('55000016-0001-4000-8000-000000000023', 'chegg', 'Chegg', '#FE6B00', '[]', '44444444-0000-0000-0000-000000000016'),
  ('55000016-0001-4000-8000-000000000024', 'tryhackme', 'TryHackMe', '#212C42', '[]', '44444444-0000-0000-0000-000000000016'),
  ('55000016-0001-4000-8000-000000000025', 'hackthebox', 'Hack The Box', '#9FEF00', '[]', '44444444-0000-0000-0000-000000000016'),
  ('55000016-0001-4000-8000-000000000026', 'geekbrains', 'GeekBrains', '#6B4FBB', '["гикбрейнс"]', '44444444-0000-0000-0000-000000000016'),
  ('55000016-0001-4000-8000-000000000027', 'skillbox', 'Skillbox', '#000000', '["скилбокс"]', '44444444-0000-0000-0000-000000000016'),
  ('55000016-0001-4000-8000-000000000028', 'netology', 'Нетология', '#7B61FF', '["netology"]', '44444444-0000-0000-0000-000000000016'),
  ('55000016-0001-4000-8000-000000000029', 'yandex-practicum', 'Яндекс Практикум', '#FF0000', '["practicum"]', '44444444-0000-0000-0000-000000000016'),
  ('55000016-0001-4000-8000-000000000030', 'hexlet', 'Hexlet', '#112233', '["хекслет"]', '44444444-0000-0000-0000-000000000016'),
  ('55000016-0001-4000-8000-000000000031', 'skyeng', 'Skyeng', '#05BEF5', '["скаенг"]', '44444444-0000-0000-0000-000000000016'),
  ('55000016-0001-4000-8000-000000000032', 'egghead', 'egghead.io', '#252525', '[]', '44444444-0000-0000-0000-000000000016'),
  ('55000016-0001-4000-8000-000000000033', 'treehouse', 'Treehouse', '#5FCF80', '[]', '44444444-0000-0000-0000-000000000016'),
	('55000016-0001-4000-8000-000000000034', 'zero-to-mastery', 'Zero To Mastery', '#000000', '["ztm"]', '44444444-0000-0000-0000-000000000016'),
	('55000016-0001-4000-8000-000000000035', 'scrimba', 'Scrimba', '#2B283A', '[]', '44444444-0000-0000-0000-000000000016'),
	('55000016-0001-4000-8000-000000000036', 'laracasts', 'Laracasts', '#353535', '[]', '44444444-0000-0000-0000-000000000016'),
	('55000016-0001-4000-8000-000000000037', 'domestika', 'Domestika', '#000000', '[]', '44444444-0000-0000-0000-000000000016'),
	('55000016-0001-4000-8000-000000000038', 'platzi', 'Platzi', '#98CA3F', '[]', '44444444-0000-0000-0000-000000000016'),
	('55000016-0001-4000-8000-000000000039', 'busuu', 'Busuu', '#ED5339', '[]', '44444444-0000-0000-0000-000000000016'),
	('55000016-0001-4000-8000-000000000040', 'pimsleur', 'Pimsleur', '#000000', '[]', '44444444-0000-0000-0000-000000000016'),
	('55000016-0001-4000-8000-000000000041', 'coloso', 'Coloso', '#000000', '[]', '44444444-0000-0000-0000-000000000016'),
	('55000016-0001-4000-8000-000000000042', 'a-cloud-guru', 'A Cloud Guru', '#BE2523', '[]', '44444444-0000-0000-0000-000000000016'),
	('55000016-0001-4000-8000-000000000043', 'educative', 'Educative', '#1E3A5F', '[]', '44444444-0000-0000-0000-000000000016'),
	('55000016-0001-4000-8000-000000000044', 'magoosh', 'Magoosh', '#63C76A', '[]', '44444444-0000-0000-0000-000000000016'),
	('55000016-0001-4000-8000-000000000045', 'course-hero', 'Course Hero', '#10A37F', '[]', '44444444-0000-0000-0000-000000000016'),
	('55000016-0001-4000-8000-000000000046', 'alura', 'Alura', '#0D1117', '[]', '44444444-0000-0000-0000-000000000016'),
	('55000016-0001-4000-8000-000000000047', 'inflearn', 'Inflearn', '#1DC078', '[]', '44444444-0000-0000-0000-000000000016'),
	('55000016-0001-4000-8000-000000000048', 'anki', 'AnkiWeb', '#236DBA', '["анки"]', '44444444-0000-0000-0000-000000000016'),
	('55000016-0001-4000-8000-000000000049', 'boot-dev', 'Boot.dev', '#000000', '[]', '44444444-0000-0000-0000-000000000016'),
	('55000016-0001-4000-8000-000000000050', 'fireship', 'Fireship', '#FF8C00', '[]', '44444444-0000-0000-0000-000000000016'),
	('55000017-0001-4000-8000-000000000001', 'ynab', 'YNAB', '#85C3E9', '[]', '44444444-0000-0000-0000-000000000017'),
	('55000017-0001-4000-8000-000000000002', 'monarch', 'Monarch Money', '#7C3AED', '[]', '44444444-0000-0000-0000-000000000017'),
	('55000017-0001-4000-8000-000000000003', 'copilot-money', 'Copilot Money', '#33D17A', '[]', '44444444-0000-0000-0000-000000000017'),
	('55000017-0001-4000-8000-000000000004', 'quicken', 'Quicken', '#E21836', '[]', '44444444-0000-0000-0000-000000000017'),
	('55000017-0001-4000-8000-000000000005', 'mint', 'Mint', '#3AC77E', '[]', '44444444-0000-0000-0000-000000000017'),
	('55000017-0001-4000-8000-000000000006', 'robinhood', 'Robinhood Gold', '#00C805', '[]', '44444444-0000-0000-0000-000000000017'),
	('55000017-0001-4000-8000-000000000007', 'wealthsimple', 'Wealthsimple', '#000000', '[]', '44444444-0000-0000-0000-000000000017'),
	('55000017-0001-4000-8000-000000000008', 'betterment', 'Betterment', '#2E2A5E', '[]', '44444444-0000-0000-0000-000000000017'),
	('55000017-0001-4000-8000-000000000009', 'acorns', 'Acorns', '#6BDFB7', '[]', '44444444-0000-0000-0000-000000000017'),
	('55000017-0001-4000-8000-000000000010', 'etoro', 'eToro', '#6AC77B', '[]', '44444444-0000-0000-0000-000000000017'),
	('55000017-0001-4000-8000-000000000011', 'coinbase', 'Coinbase', '#0052FF', '["коинбейс"]', '44444444-0000-0000-0000-000000000017'),
	('55000017-0001-4000-8000-000000000012', 'binance', 'Binance', '#F0B90B', '["бинанс"]', '44444444-0000-0000-0000-000000000017'),
	('55000017-0001-4000-8000-000000000013', 'kraken', 'Kraken', '#5741D9', '["кракен"]', '44444444-0000-0000-0000-000000000017'),
	('55000017-0001-4000-8000-000000000014', 'tinkoff-invest', 'Тинькофф Инвестиции', '#FFDD2D', '["тинек"]', '44444444-0000-0000-0000-000000000017'),
	('55000017-0001-4000-8000-000000000015', 'kaspi-invest', 'Kaspi Invest', '#FF0024', '["каспи"]', '44444444-0000-0000-0000-000000000017'),
	('55000017-0001-4000-8000-000000000016', 'credit-karma', 'Credit Karma', '#FF4136', '[]', '44444444-0000-0000-0000-000000000017'),
	('55000017-0001-4000-8000-000000000017', 'experian', 'Experian', '#003E7E', '[]', '44444444-0000-0000-0000-000000000017'),
	('55000017-0001-4000-8000-000000000018', 'lemonade', 'Lemonade', '#FF0083', '[]', '44444444-0000-0000-0000-000000000017'),
	('55000017-0001-4000-8000-000000000019', 'trupanion', 'Trupanion', '#00B4D8', '[]', '44444444-0000-0000-0000-000000000017'),
	('55000017-0001-4000-8000-000000000020', 'applecare', 'AppleCare+', '#000000', '[]', '44444444-0000-0000-0000-000000000017'),
	('55000017-0001-4000-8000-000000000021', 'xero', 'Xero', '#13B5EA', '[]', '44444444-0000-0000-0000-000000000017'),
	('55000017-0001-4000-8000-000000000022', 'quickbooks', 'QuickBooks', '#2CA01C', '[]', '44444444-0000-0000-0000-000000000017'),
	('55000017-0001-4000-8000-000000000023', 'freshbooks', 'FreshBooks', '#0075DD', '[]', '44444444-0000-0000-0000-000000000017'),
	('55000017-0001-4000-8000-000000000024', 'expensify', 'Expensify', '#0B5F3D', '[]', '44444444-0000-0000-0000-000000000017'),
	('55000017-0001-4000-8000-000000000025', 'wise', 'Wise', '#9FE870', '[]', '44444444-0000-0000-0000-000000000017'),
	('55000017-0001-4000-8000-000000000026', 'revolut', 'Revolut', '#000000', '["револют"]', '44444444-0000-0000-0000-000000000017'),
	('55000017-0001-4000-8000-000000000027', 'n26', 'N26', '#36A18B', '[]', '44444444-0000-0000-0000-000000000017'),
	('55000017-0001-4000-8000-000000000028', 'trading212', 'Trading 212', '#0050FF', '[]', '44444444-0000-0000-0000-000000000017'),
	('55000017-0001-4000-8000-000000000029', 'interactive-brokers', 'Interactive Brokers', '#D70026', '["ибкр"]', '44444444-0000-0000-0000-000000000017'),
	('55000017-0001-4000-8000-000000000030', 'coinkeeper', 'CoinKeeper', '#2ECC71', '["коинкипер"]', '44444444-0000-0000-0000-000000000017'),
	('55000017-0001-4000-8000-000000000031', 'zenmoney', 'Дзен-мани', '#2980B9', '["zenmoney"]', '44444444-0000-0000-0000-000000000017'),
	('55000017-0001-4000-8000-000000000032', 'pocketguard', 'PocketGuard', '#4285F4', '[]', '44444444-0000-0000-0000-000000000017'),
	('55000017-0001-4000-8000-000000000033', 'spendee', 'Spendee', '#FF5722', '[]', '44444444-0000-0000-0000-000000000017'),
	('55000017-0001-4000-8000-000000000034', 'toshl', 'Toshl Finance', '#54BF6B', '[]', '44444444-0000-0000-0000-000000000017'),
	('55000017-0001-4000-8000-000000000035', 'monzo', 'Monzo', '#FF5F73', '[]', '44444444-0000-0000-0000-000000000017'),
	('55000017-0001-4000-8000-000000000036', 'turbotax', 'TurboTax', '#049347', '[]', '44444444-0000-0000-0000-000000000017'),
	('55000017-0001-4000-8000-000000000037', 'sofi', 'SoFi', '#000000', '[]', '44444444-0000-0000-0000-000000000017'),
	('55000017-0001-4000-8000-000000000038', 'm1-finance', 'M1 Finance', '#3AB795', '[]', '44444444-0000-0000-0000-000000000017'),
	('55000017-0001-4000-8000-000000000039', 'freedom-finance', 'Freedom Finance', '#19397E', '[]', '44444444-0000-0000-0000-000000000017'),
	('55000017-0001-4000-8000-000000000040', 'bcs', 'БКС', '#002B5E', '["bcs"]', '44444444-0000-0000-0000-000000000017'),
	('55000017-0001-4000-8000-000000000041', 'samsung-care', 'Samsung Care+', '#1428A0', '[]', '44444444-0000-0000-0000-000000000017'),
	('55000017-0001-4000-8000-000000000042', 'policygenius', 'Policygenius', '#4E44CE', '[]', '44444444-0000-0000-0000-000000000017'),
	('55000017-0001-4000-8000-000000000043', 'goodbudget', 'Goodbudget', '#4CAF50', '[]', '44444444-0000-0000-0000-000000000017'),
	('55000017-0001-4000-8000-000000000044', 'simplifi', 'Simplifi', '#FF6F00', '[]', '44444444-0000-0000-0000-000000000017'),
	('55000017-0001-4000-8000-000000000045', 'sage', 'Sage', '#00DC00', '[]', '44444444-0000-0000-0000-000000000017'),
	('55000017-0001-4000-8000-000000000046', 'wave', 'Wave', '#2C77BF', '[]', '44444444-0000-0000-0000-000000000017'),
	('55000017-0001-4000-8000-000000000047', 'chime', 'Chime', '#15C66C', '[]', '44444444-0000-0000-0000-000000000017'),
	('55000017-0001-4000-8000-000000000048', 'nerdwallet', 'NerdWallet', '#22B8B6', '[]', '44444444-0000-0000-0000-000000000017'),
	('55000017-0001-4000-8000-000000000049', 'spot-pet', 'Spot Pet Insurance', '#FFB81C', '[]', '44444444-0000-0000-0000-000000000017'),
	('55000017-0001-4000-8000-000000000050', 'ladder', 'Ladder Life', '#000000', '[]', '44444444-0000-0000-0000-000000000017'),
	('55000018-0001-4000-8000-000000000001', 'ko-fi', 'Ko-fi', '#FF5E5B', '[]', '44444444-0000-0000-0000-000000000018'),
	('55000018-0001-4000-8000-000000000002', 'buymeacoffee', 'Buy Me a Coffee', '#FFDD00', '[]', '44444444-0000-0000-0000-000000000018'),
	('55000018-0001-4000-8000-000000000003', 'gumroad', 'Gumroad', '#FF90E8', '[]', '44444444-0000-0000-0000-000000000018'),
	('55000018-0001-4000-8000-000000000004', 'substack-creator', 'Substack', '#FF6719', '[]', '44444444-0000-0000-0000-000000000018'),
	('55000018-0001-4000-8000-000000000005', 'teachable', 'Teachable', '#000000', '[]', '44444444-0000-0000-0000-000000000018'),
	('55000018-0001-4000-8000-000000000006', 'kajabi', 'Kajabi', '#000000', '[]', '44444444-0000-0000-0000-000000000018'),
	('55000018-0001-4000-8000-000000000007', 'thinkific', 'Thinkific', '#000000', '[]', '44444444-0000-0000-0000-000000000018'),
	('55000018-0001-4000-8000-000000000008', 'podia', 'Podia', '#000000', '[]', '44444444-0000-0000-0000-000000000018'),
	('55000018-0001-4000-8000-000000000009', 'mighty-networks', 'Mighty Networks', '#FF1654', '[]', '44444444-0000-0000-0000-000000000018'),
	('55000018-0001-4000-8000-000000000010', 'circle', 'Circle', '#8B5CF6', '[]', '44444444-0000-0000-0000-000000000018'),
	('55000018-0001-4000-8000-000000000011', 'skool', 'Skool', '#2563EB', '[]', '44444444-0000-0000-0000-000000000018'),
	('55000018-0001-4000-8000-000000000012', 'beehiiv-creator', 'Beehiiv', '#000000', '[]', '44444444-0000-0000-0000-000000000018'),
	('55000018-0001-4000-8000-000000000013', 'convertkit-creator', 'ConvertKit', '#FB6970', '[]', '44444444-0000-0000-0000-000000000018'),
	('55000018-0001-4000-8000-000000000014', 'ghost-creator', 'Ghost', '#000000', '[]', '44444444-0000-0000-0000-000000000018'),
	('55000018-0001-4000-8000-000000000015', 'buffer', 'Buffer', '#2C4BFF', '[]', '44444444-0000-0000-0000-000000000018'),
	('55000018-0001-4000-8000-000000000016', 'hootsuite', 'Hootsuite', '#000000', '[]', '44444444-0000-0000-0000-000000000018'),
	('55000018-0001-4000-8000-000000000017', 'later', 'Later', '#000000', '[]', '44444444-0000-0000-0000-000000000018'),
	('55000018-0001-4000-8000-000000000018', 'linktree', 'Linktree', '#43E55E', '[]', '44444444-0000-0000-0000-000000000018'),
	('55000018-0001-4000-8000-000000000019', 'beacons', 'Beacons', '#7B61FF', '[]', '44444444-0000-0000-0000-000000000018'),
	('55000018-0001-4000-8000-000000000020', 'stan-store', 'Stan Store', '#FEDD00', '[]', '44444444-0000-0000-0000-000000000018'),
	('55000018-0001-4000-8000-000000000021', 'printful', 'Printful', '#213757', '[]', '44444444-0000-0000-0000-000000000018'),
	('55000018-0001-4000-8000-000000000022', 'printify', 'Printify', '#00BC7E', '[]', '44444444-0000-0000-0000-000000000018'),
	('55000018-0001-4000-8000-000000000023', 'sellfy', 'Sellfy', '#FF5C5E', '[]', '44444444-0000-0000-0000-000000000018'),
	('55000018-0001-4000-8000-000000000024', 'streamlabs-creator', 'Streamlabs', '#80F5D2', '[]', '44444444-0000-0000-0000-000000000018'),
	('55000018-0001-4000-8000-000000000025', 'streamelements', 'StreamElements', '#000000', '[]', '44444444-0000-0000-0000-000000000018'),
	('55000018-0001-4000-8000-000000000026', 'kapwing', 'Kapwing', '#7C3AED', '[]', '44444444-0000-0000-0000-000000000018'),
	('55000018-0001-4000-8000-000000000027', 'capcut', 'CapCut', '#000000', '[]', '44444444-0000-0000-0000-000000000018'),
	('55000018-0001-4000-8000-000000000028', 'opus-clip', 'Opus Clip', '#7C3AED', '[]', '44444444-0000-0000-0000-000000000018'),
	('55000018-0001-4000-8000-000000000029', 'descript-creator', 'Descript', '#000000', '[]', '44444444-0000-0000-0000-000000000018'),
	('55000018-0001-4000-8000-000000000030', 'sprout-social', 'Sprout Social', '#457B3B', '[]', '44444444-0000-0000-0000-000000000018'),
	('55000018-0001-4000-8000-000000000031', 'metricool', 'Metricool', '#09C5A3', '[]', '44444444-0000-0000-0000-000000000018'),
	('55000018-0001-4000-8000-000000000032', 'redbubble', 'Redbubble', '#E41321', '[]', '44444444-0000-0000-0000-000000000018'),
	('55000018-0001-4000-8000-000000000033', 'society6', 'Society6', '#000000', '[]', '44444444-0000-0000-0000-000000000018'),
	('55000018-0001-4000-8000-000000000034', 'fourthwall', 'Fourthwall', '#000000', '[]', '44444444-0000-0000-0000-000000000018'),
	('55000018-0001-4000-8000-000000000035', 'eventbrite', 'Eventbrite', '#F05537', '[]', '44444444-0000-0000-0000-000000000018'),
	('55000018-0001-4000-8000-000000000036', 'memberful', 'Memberful', '#000000', '[]', '44444444-0000-0000-0000-000000000018'),
	('55000018-0001-4000-8000-000000000037', 'socialbee', 'SocialBee', '#FBB03B', '[]', '44444444-0000-0000-0000-000000000018'),
	('55000018-0001-4000-8000-000000000038', 'publer', 'Publer', '#FF4A4A', '[]', '44444444-0000-0000-0000-000000000018'),
	('55000018-0001-4000-8000-000000000039', 'podcastle', 'Podcastle', '#000000', '[]', '44444444-0000-0000-0000-000000000018'),
	('55000018-0001-4000-8000-000000000040', 'riverside-creator', 'Riverside', '#5B4AEE', '[]', '44444444-0000-0000-0000-000000000018'),
	('55000018-0001-4000-8000-000000000041', 'buttondown', 'Buttondown', '#0069FF', '[]', '44444444-0000-0000-0000-000000000018'),
	('55000018-0001-4000-8000-000000000042', 'luma', 'Luma', '#000000', '[]', '44444444-0000-0000-0000-000000000018'),
	('55000018-0001-4000-8000-000000000043', 'meetup', 'Meetup', '#ED1C40', '[]', '44444444-0000-0000-0000-000000000018'),
	('55000018-0001-4000-8000-000000000044', 'repurpose', 'Repurpose.io', '#000000', '[]', '44444444-0000-0000-0000-000000000018'),
	('55000018-0001-4000-8000-000000000045', 'headliner', 'Headliner', '#FF5733', '[]', '44444444-0000-0000-0000-000000000018'),
	('55000018-0001-4000-8000-000000000046', 'iconosquare', 'Iconosquare', '#4B3578', '[]', '44444444-0000-0000-0000-000000000018'),
	('55000018-0001-4000-8000-000000000047', 'teespring', 'Spring', '#000000', '["teespring"]', '44444444-0000-0000-0000-000000000018'),
	('55000018-0001-4000-8000-000000000048', 'donatty', 'Donatty', '#FF5722', '["донатти"]', '44444444-0000-0000-0000-000000000018'),
	('55000018-0001-4000-8000-000000000049', 'donation-alerts', 'DonationAlerts', '#F57C00', '["донэйшн"]', '44444444-0000-0000-0000-000000000018'),
	('55000018-0001-4000-8000-000000000050', 'tribel', 'Tribel', '#000000', '[]', '44444444-0000-0000-0000-000000000018'),
	('55000019-0001-4000-8000-000000000001', 'att', 'AT&T', '#009FDB', '[]', '44444444-0000-0000-0000-000000000019'),
	('55000019-0001-4000-8000-000000000002', 'verizon', 'Verizon', '#CD040B', '[]', '44444444-0000-0000-0000-000000000019'),
	('55000019-0001-4000-8000-000000000003', 't-mobile', 'T-Mobile', '#E20074', '[]', '44444444-0000-0000-0000-000000000019'),
	('55000019-0001-4000-8000-000000000004', 'mint-mobile', 'Mint Mobile', '#BEFB50', '[]', '44444444-0000-0000-0000-000000000019'),
	('55000019-0001-4000-8000-000000000005', 'google-fi', 'Google Fi', '#4285F4', '[]', '44444444-0000-0000-0000-000000000019'),
	('55000019-0001-4000-8000-000000000006', 'starlink', 'Starlink', '#000000', '["старлинк"]', '44444444-0000-0000-0000-000000000019'),
	('55000019-0001-4000-8000-000000000007', 'vodafone', 'Vodafone', '#E60000', '[]', '44444444-0000-0000-0000-000000000019'),
	('55000019-0001-4000-8000-000000000008', 'mts', 'МТС', '#E30611', '["mts"]', '44444444-0000-0000-0000-000000000019'),
	('55000019-0001-4000-8000-000000000009', 'megafon', 'Мегафон', '#00B956', '["megafon"]', '44444444-0000-0000-0000-000000000019'),
	('55000019-0001-4000-8000-000000000010', 'beeline-ru', 'Билайн', '#FDB913', '["beeline"]', '44444444-0000-0000-0000-000000000019'),
	('55000019-0001-4000-8000-000000000011', 'tele2', 'Tele2', '#1F2229', '["теле2"]', '44444444-0000-0000-0000-000000000019'),
	('55000019-0001-4000-8000-000000000012', 'kcell', 'Kcell', '#631D76', '["кселл"]', '44444444-0000-0000-0000-000000000019'),
	('55000019-0001-4000-8000-000000000013', 'beeline-kz', 'Beeline KZ', '#FDB913', '["билайн кз"]', '44444444-0000-0000-0000-000000000019'),
	('55000019-0001-4000-8000-000000000014', 'altel', 'Altel', '#E30613', '["алтел"]', '44444444-0000-0000-0000-000000000019'),
	('55000019-0001-4000-8000-000000000015', 'cleanmymac', 'CleanMyMac', '#20B2AA', '[]', '44444444-0000-0000-0000-000000000019'),
	('55000019-0001-4000-8000-000000000016', 'setapp', 'Setapp', '#CA43DE', '[]', '44444444-0000-0000-0000-000000000019'),
	('55000019-0001-4000-8000-000000000017', 'bartender', 'Bartender', '#000000', '[]', '44444444-0000-0000-0000-000000000019'),
	('55000019-0001-4000-8000-000000000018', 'istatmenus', 'iStat Menus', '#007AFF', '[]', '44444444-0000-0000-0000-000000000019'),
	('55000019-0001-4000-8000-000000000019', 'nest', 'Google Nest', '#4285F4', '[]', '44444444-0000-0000-0000-000000000019'),
	('55000019-0001-4000-8000-000000000020', 'ring', 'Ring', '#1C96E8', '[]', '44444444-0000-0000-0000-000000000019'),
	('55000019-0001-4000-8000-000000000021', 'simplisafe', 'SimpliSafe', '#000000', '[]', '44444444-0000-0000-0000-000000000019'),
	('55000019-0001-4000-8000-000000000022', 'philips-hue', 'Philips Hue', '#5534A5', '[]', '44444444-0000-0000-0000-000000000019'),
	('55000019-0001-4000-8000-000000000023', 'home-assistant', 'Home Assistant', '#41BDF5', '[]', '44444444-0000-0000-0000-000000000019'),
	('55000019-0001-4000-8000-000000000024', 'spectrum', 'Spectrum', '#002F6C', '[]', '44444444-0000-0000-0000-000000000019'),
	('55000019-0001-4000-8000-000000000025', 'xfinity', 'Xfinity', '#F5293D', '["комкаст"]', '44444444-0000-0000-0000-000000000019'),
	('55000019-0001-4000-8000-000000000026', 'telekom', 'Deutsche Telekom', '#E20074', '[]', '44444444-0000-0000-0000-000000000019'),
	('55000019-0001-4000-8000-000000000027', 'orange', 'Orange', '#FF7900', '[]', '44444444-0000-0000-0000-000000000019'),
	('55000019-0001-4000-8000-000000000028', 'octopus', 'Octopus Energy', '#E31C79', '[]', '44444444-0000-0000-0000-000000000019'),
	('55000019-0001-4000-8000-000000000029', 'british-gas', 'British Gas', '#004A92', '[]', '44444444-0000-0000-0000-000000000019'),
	('55000019-0001-4000-8000-000000000030', 'eon', 'E.ON', '#EA1B2A', '[]', '44444444-0000-0000-0000-000000000019'),
	('55000019-0001-4000-8000-000000000031', 'jio', 'Jio', '#2260BE', '[]', '44444444-0000-0000-0000-000000000019'),
	('55000019-0001-4000-8000-000000000032', 'airtel', 'Airtel', '#ED1C24', '[]', '44444444-0000-0000-0000-000000000019'),
	('55000019-0001-4000-8000-000000000033', 'sk-telecom', 'SK Telecom', '#E4002B', '[]', '44444444-0000-0000-0000-000000000019'),
	('55000019-0001-4000-8000-000000000034', 'parcel', 'Parcel', '#6B7AFF', '[]', '44444444-0000-0000-0000-000000000019'),
	('55000019-0001-4000-8000-000000000035', 'deliveries', 'Deliveries', '#FF4E50', '[]', '44444444-0000-0000-0000-000000000019'),
	('55000019-0001-4000-8000-000000000036', 'ecobee', 'Ecobee', '#00985F', '[]', '44444444-0000-0000-0000-000000000019'),
	('55000019-0001-4000-8000-000000000037', 'irobot', 'iRobot', '#6BC04B', '["румба"]', '44444444-0000-0000-0000-000000000019'),
	('55000019-0001-4000-8000-000000000038', 'adt', 'ADT', '#003C71', '[]', '44444444-0000-0000-0000-000000000019'),
	('55000019-0001-4000-8000-000000000039', 'wyze', 'Wyze', '#000000', '[]', '44444444-0000-0000-0000-000000000019'),
	('55000019-0001-4000-8000-000000000040', 'arlo', 'Arlo', '#54BE98', '[]', '44444444-0000-0000-0000-000000000019'),
	('55000019-0001-4000-8000-000000000041', 'daisydisk', 'DaisyDisk', '#FF6384', '[]', '44444444-0000-0000-0000-000000000019'),
	('55000019-0001-4000-8000-000000000042', 'magnet', 'Magnet', '#FF5D5D', '[]', '44444444-0000-0000-0000-000000000019'),
	('55000019-0001-4000-8000-000000000043', 'bt', 'BT', '#6400AA', '[]', '44444444-0000-0000-0000-000000000019'),
	('55000019-0001-4000-8000-000000000044', 'virgin-media', 'Virgin Media', '#C8102E', '[]', '44444444-0000-0000-0000-000000000019'),
	('55000019-0001-4000-8000-000000000045', 'rostelecom', 'Ростелеком', '#7E00A5', '["rostelecom"]', '44444444-0000-0000-0000-000000000019'),
	('55000019-0001-4000-8000-000000000046', 'kazakhtelecom', 'Казахтелеком', '#0055A5', '[]', '44444444-0000-0000-0000-000000000019'),
	('55000019-0001-4000-8000-000000000047', 'docomo', 'NTT Docomo', '#EE0036', '[]', '44444444-0000-0000-0000-000000000019'),
	('55000019-0001-4000-8000-000000000048', 'edf', 'EDF Energy', '#FF6600', '[]', '44444444-0000-0000-0000-000000000019'),
	('55000019-0001-4000-8000-000000000049', 'vattenfall', 'Vattenfall', '#FFCE00', '[]', '44444444-0000-0000-0000-000000000019'),
	('55000019-0001-4000-8000-000000000050', 'visible', 'Visible', '#6C00FF', '[]', '44444444-0000-0000-0000-000000000019'),
	('55000020-0001-4000-8000-000000000001', 'ms365-family', 'Microsoft 365 Family', '#D83B01', '["офис"]', '44444444-0000-0000-0000-000000000020'),
	('55000020-0001-4000-8000-000000000002', 'tinkoff-pro', 'Тинькофф Про', '#FFDD2D', '[]', '44444444-0000-0000-0000-000000000020'),
	('55000020-0001-4000-8000-000000000003', 'sber-prime', 'СберПрайм', '#21A038', '[]', '44444444-0000-0000-0000-000000000020'),
	('55000020-0001-4000-8000-000000000004', 'mts-premium', 'МТС Premium', '#E30611', '[]', '44444444-0000-0000-0000-000000000020'),
	('55000020-0001-4000-8000-000000000005', 'megafon-plus', 'Мегафон Плюс', '#00B956', '[]', '44444444-0000-0000-0000-000000000020'),
	('55000020-0001-4000-8000-000000000006', 'disney-bundle', 'Disney Bundle', '#113CCF', '[]', '44444444-0000-0000-0000-000000000020'),
	('55000020-0001-4000-8000-000000000007', 'norton-360', 'Norton 360', '#FBE122', '[]', '44444444-0000-0000-0000-000000000020'),
	('55000020-0001-4000-8000-000000000008', 'mcafee-total', 'McAfee Total Protection', '#C01818', '[]', '44444444-0000-0000-0000-000000000020'),
	('55000020-0001-4000-8000-000000000009', 'nordvpn-complete', 'NordVPN Complete', '#4687FF', '[]', '44444444-0000-0000-0000-000000000020'),
	('55000020-0001-4000-8000-000000000010', 'surfshark-one', 'Surfshark One', '#178BF1', '[]', '44444444-0000-0000-0000-000000000020'),
	('55000020-0001-4000-8000-000000000011', 'proton-unlimited', 'Proton Unlimited', '#6D4AFF', '[]', '44444444-0000-0000-0000-000000000020'),
	('55000020-0001-4000-8000-000000000012', 'adobe-all-apps', 'Adobe All Apps', '#FF0000', '[]', '44444444-0000-0000-0000-000000000020'),
	('55000020-0001-4000-8000-000000000013', 'setapp-bundle', 'Setapp', '#CA43DE', '[]', '44444444-0000-0000-0000-000000000020'),
	('55000020-0001-4000-8000-000000000014', 'jetbrains-all', 'JetBrains All Products', '#000000', '[]', '44444444-0000-0000-0000-000000000020'),
	('55000020-0001-4000-8000-000000000015', 'atlassian-cloud', 'Atlassian Cloud', '#0052CC', '[]', '44444444-0000-0000-0000-000000000020'),
	('55000020-0001-4000-8000-000000000016', 'zoho-one', 'Zoho One', '#C8202B', '[]', '44444444-0000-0000-0000-000000000020'),
	('55000020-0001-4000-8000-000000000017', 'spotify-family', 'Spotify Family', '#1DB954', '[]', '44444444-0000-0000-0000-000000000020'),
	('55000020-0001-4000-8000-000000000018', 'apple-music-family', 'Apple Music Family', '#FC3C44', '[]', '44444444-0000-0000-0000-000000000020'),
	('55000020-0001-4000-8000-000000000019', 'samsung-plus', 'Samsung+', '#1428A0', '[]', '44444444-0000-0000-0000-000000000020'),
	('55000020-0001-4000-8000-000000000020', 'sky-ultimate', 'Sky Ultimate', '#0072ED', '[]', '44444444-0000-0000-0000-000000000020'),
	('55000020-0001-4000-8000-000000000021', 'bt-complete', 'BT Complete', '#6400AA', '[]', '44444444-0000-0000-0000-000000000020'),
	('55000020-0001-4000-8000-000000000022', 'virgin-bundle', 'Virgin Media Bundle', '#C8102E', '[]', '44444444-0000-0000-0000-000000000020'),
	('55000020-0001-4000-8000-000000000023', 'canal-bundle', 'Canal+ Bundle', '#000000', '[]', '44444444-0000-0000-0000-000000000020'),
	('55000020-0001-4000-8000-000000000024', 'vodafone-one', 'Vodafone One', '#E60000', '[]', '44444444-0000-0000-0000-000000000020'),
	('55000020-0001-4000-8000-000000000025', 'telekom-magenta', 'MagentaEINS', '#E20074', '[]', '44444444-0000-0000-0000-000000000020'),
	('55000020-0001-4000-8000-000000000026', 'jio-fiber', 'Jio Fiber', '#2260BE', '[]', '44444444-0000-0000-0000-000000000020'),
	('55000020-0001-4000-8000-000000000027', 'airtel-xstream', 'Airtel Xstream', '#ED1C24', '[]', '44444444-0000-0000-0000-000000000020'),
	('55000020-0001-4000-8000-000000000028', 'peloton-all', 'Peloton All Access', '#000000', '[]', '44444444-0000-0000-0000-000000000020'),
	('55000020-0001-4000-8000-000000000029', 'max-bundle', 'Max Bundle', '#6920D1', '["hbo bundle"]', '44444444-0000-0000-0000-000000000020'),
	('55000020-0001-4000-8000-000000000030', 'paramount-showtime', 'Paramount+ with Showtime', '#2962F6', '[]', '44444444-0000-0000-0000-000000000020'),
	('55000020-0001-4000-8000-000000000031', 'bitdefender-total', 'Bitdefender Total', '#ED1C24', '[]', '44444444-0000-0000-0000-000000000020'),
	('55000020-0001-4000-8000-000000000032', 'kaspersky-total', 'Kaspersky Total', '#006D5C', '[]', '44444444-0000-0000-0000-000000000020'),
	('55000020-0001-4000-8000-000000000033', 'eset-smart', 'ESET Smart Security', '#1EC9A5', '[]', '44444444-0000-0000-0000-000000000020'),
	('55000020-0001-4000-8000-000000000034', 'yt-family', 'YouTube Premium Family', '#FF0000', '[]', '44444444-0000-0000-0000-000000000020'),
	('55000020-0001-4000-8000-000000000035', 'headspace-plus', 'Headspace Plus', '#F47D31', '[]', '44444444-0000-0000-0000-000000000020'),
	('55000020-0001-4000-8000-000000000036', 'calm-premium', 'Calm Premium', '#4891D0', '[]', '44444444-0000-0000-0000-000000000020'),
	('55000020-0001-4000-8000-000000000037', 'verizon-fios', 'Verizon Fios', '#CD040B', '[]', '44444444-0000-0000-0000-000000000020'),
	('55000020-0001-4000-8000-000000000038', 'spectrum-one', 'Spectrum One', '#002F6C', '[]', '44444444-0000-0000-0000-000000000020'),
	('55000020-0001-4000-8000-000000000039', 'expressvpn-keys', 'ExpressVPN + Keys', '#DA3940', '[]', '44444444-0000-0000-0000-000000000020'),
	('55000020-0001-4000-8000-000000000040', 'figma-org', 'Figma Organization', '#A259FF', '[]', '44444444-0000-0000-0000-000000000020'),
	('55000020-0001-4000-8000-000000000041', 'canva-teams', 'Canva Teams', '#00C4CC', '[]', '44444444-0000-0000-0000-000000000020'),
	('55000020-0001-4000-8000-000000000042', 'noom-complete', 'Noom Complete', '#08BFAF', '[]', '44444444-0000-0000-0000-000000000020'),
	('55000020-0001-4000-8000-000000000043', 'ww-digital', 'WW Digital', '#00248D', '[]', '44444444-0000-0000-0000-000000000020'),
	('55000020-0001-4000-8000-000000000044', 'beeline-all', 'Beeline Всё', '#FDB913', '[]', '44444444-0000-0000-0000-000000000020'),
	('55000020-0001-4000-8000-000000000045', 'tele2-premium', 'Tele2 Premium', '#1F2229', '[]', '44444444-0000-0000-0000-000000000020'),
	('55000020-0001-4000-8000-000000000046', 'swisscom-blue', 'Swisscom Blue', '#002E6E', '[]', '44444444-0000-0000-0000-000000000020'),
	('55000020-0001-4000-8000-000000000047', 'claro-combo', 'Claro Combo', '#DA291C', '[]', '44444444-0000-0000-0000-000000000020'),
	('55000020-0001-4000-8000-000000000048', 'showmax-bundle', 'Showmax Bundle', '#000000', '[]', '44444444-0000-0000-0000-000000000020'),
	('55000020-0001-4000-8000-000000000049', 'xfinity-bundle', 'Xfinity Triple Play', '#F5293D', '[]', '44444444-0000-0000-0000-000000000020'),
	('55000020-0001-4000-8000-000000000050', 'cox-bundle', 'Cox Bundle', '#EF6C00', '[]', '44444444-0000-0000-0000-000000000020');
--> statement-breakpoint
INSERT INTO currencies (id, symbol, denominator, fraction_digits, intl_locale, region) VALUES
	('AOA', 'Kz', 100, 2, 'pt-AO', 'africa'),
	('BWP', 'P', 100, 2, 'en-BW', 'africa'),
	('BIF', 'FBu', 1, 0, 'fr-BI', 'africa'),
	('CDF', 'FC', 100, 2, 'fr-CD', 'africa'),
	('CVE', '$', 100, 2, 'pt-CV', 'africa'),
	('ETB', 'Br', 100, 2, 'am-ET', 'africa'),
	('GHS', 'GH₵', 100, 2, 'en-GH', 'africa'),
	('KES', 'KSh', 100, 2, 'sw-KE', 'africa'),
	('LRD', 'L$', 100, 2, 'en-LR', 'africa'),
	('LSL', 'L', 100, 2, 'en-LS', 'africa'),
	('MUR', '₨', 100, 2, 'en-MU', 'africa'),
	('MWK', 'MK', 100, 2, 'en-MW', 'africa'),
	('MZN', 'MT', 100, 2, 'pt-MZ', 'africa'),
	('NAD', 'N$', 100, 2, 'en-NA', 'africa'),
	('NGN', '₦', 100, 2, 'en-NG', 'africa'),
	('RWF', 'FRw', 1, 0, 'rw-RW', 'africa'),
	('SCR', '₨', 100, 2, 'en-SC', 'africa'),
	('SZL', 'E', 100, 2, 'en-SZ', 'africa'),
	('TZS', 'TSh', 100, 2, 'sw-TZ', 'africa'),
	('UGX', 'USh', 1, 0, 'en-UG', 'africa'),
	('XAF', 'FCFA', 1, 0, 'fr-CM', 'africa'),
	('XOF', 'CFA', 1, 0, 'fr-SN', 'africa'),
	('ZAR', 'R', 100, 2, 'en-ZA', 'africa'),
	('ZMW', 'ZK', 100, 2, 'en-ZM', 'africa'),
	('ALL', 'L', 100, 2, 'sq-AL', 'europe'),
	('BAM', 'KM', 100, 2, 'bs-BA', 'europe'),
	('BGN', 'лв', 100, 2, 'bg-BG', 'europe'),
	('CHF', 'CHF', 100, 2, 'de-CH', 'europe'),
	('CZK', 'Kč', 100, 2, 'cs-CZ', 'europe'),
	('DKK', 'kr', 100, 2, 'da-DK', 'europe'),
	('EUR', '€', 100, 2, 'de-DE', 'europe'),
	('GEL', '₾', 100, 2, 'ka-GE', 'europe'),
	('GIP', '£', 100, 2, 'en-GI', 'europe'),
	('HRK', 'kn', 100, 2, 'hr-HR', 'europe'),
	('HUF', 'Ft', 100, 2, 'hu-HU', 'europe'),
	('ILS', '₪', 100, 2, 'he-IL', 'europe'),
	('ISK', 'kr', 1, 0, 'is-IS', 'europe'),
	('MDL', 'L', 100, 2, 'ro-MD', 'europe'),
	('MKD', 'ден', 100, 2, 'mk-MK', 'europe'),
	('NOK', 'kr', 100, 2, 'nb-NO', 'europe'),
	('PLN', 'zł', 100, 2, 'pl-PL', 'europe'),
	('RON', 'lei', 100, 2, 'ro-RO', 'europe'),
	('RSD', 'дин.', 100, 2, 'sr-RS', 'europe'),
	('RUB', '₽', 100, 2, 'ru-RU', 'europe'),
	('SEK', 'kr', 100, 2, 'sv-SE', 'europe'),
	('UAH', '₴', 100, 2, 'uk-UA', 'europe'),
	('CAD', 'C$', 100, 2, 'en-CA', 'north_america'),
	('MXN', 'MX$', 100, 2, 'es-MX', 'north_america'),
	('USD', '$', 100, 2, 'en-US', 'north_america'),
	('BZD', 'BZ$', 100, 2, 'en-BZ', 'central_america'),
	('CRC', '₡', 100, 2, 'es-CR', 'central_america'),
	('GTQ', 'Q', 100, 2, 'es-GT', 'central_america'),
	('HNL', 'L', 100, 2, 'es-HN', 'central_america'),
	('NIO', 'C$', 100, 2, 'es-NI', 'central_america'),
	('PAB', 'B/.', 100, 2, 'es-PA', 'central_america'),
	('SVC', '$', 100, 2, 'es-SV', 'central_america'),
	('ARS', '$', 100, 2, 'es-AR', 'south_america'),
	('BOB', 'Bs.', 100, 2, 'es-BO', 'south_america'),
	('BRL', 'R$', 100, 2, 'pt-BR', 'south_america'),
	('CLP', '$', 1, 0, 'es-CL', 'south_america'),
	('COP', '$', 100, 2, 'es-CO', 'south_america'),
	('GYD', 'G$', 100, 2, 'en-GY', 'south_america'),
	('PEN', 'S/', 100, 2, 'es-PE', 'south_america'),
	('PYG', '₲', 1, 0, 'es-PY', 'south_america'),
	('SRD', '$', 100, 2, 'nl-SR', 'south_america'),
	('UYU', '$U', 100, 2, 'es-UY', 'south_america'),
	('AWG', 'ƒ', 100, 2, 'nl-AW', 'caribbean'),
	('BBD', 'Bds$', 100, 2, 'en-BB', 'caribbean'),
	('BMD', '$', 100, 2, 'en-BM', 'caribbean'),
	('BSD', 'B$', 100, 2, 'en-BS', 'caribbean'),
	('CUC', 'CUC$', 100, 2, 'es-CU', 'caribbean'),
	('CUP', '₱', 100, 2, 'es-CU', 'caribbean'),
	('DOP', 'RD$', 100, 2, 'es-DO', 'caribbean'),
	('HTG', 'G', 100, 2, 'fr-HT', 'caribbean'),
	('JMD', 'J$', 100, 2, 'en-JM', 'caribbean'),
	('KYD', 'CI$', 100, 2, 'en-KY', 'caribbean'),
	('TTD', 'TT$', 100, 2, 'en-TT', 'caribbean'),
	('XCD', 'EC$', 100, 2, 'en-AG', 'caribbean'),
	('AMD', '֏', 100, 2, 'hy-AM', 'central_asia'),
	('AZN', '₼', 100, 2, 'az-AZ', 'central_asia'),
	('KGS', 'с', 100, 2, 'ky-KG', 'central_asia'),
	('KZT', '₸', 100, 2, 'kk-KZ', 'central_asia'),
	('TJS', 'ЅМ', 100, 2, 'tg-TJ', 'central_asia'),
	('UZS', 'сўм', 100, 2, 'uz-UZ', 'central_asia'),
	('INR', '₹', 100, 2, 'hi-IN', 'south_asia'),
	('GBP', '£', 100, 2, 'en-GB', 'south_asia'),
	('LKR', '₨', 100, 2, 'si-LK', 'south_asia'),
	('NPR', '₨', 100, 2, 'ne-NP', 'south_asia'),
	('CNH', '¥', 100, 2, 'zh-CN', 'east_asia'),
	('CNY', '¥', 100, 2, 'zh-CN', 'east_asia'),
	('HKD', 'HK$', 100, 2, 'zh-HK', 'east_asia'),
	('JPY', '¥', 1, 0, 'ja-JP', 'east_asia'),
	('KRW', '₩', 1, 0, 'ko-KR', 'east_asia'),
	('MOP', 'MOP$', 100, 2, 'zh-MO', 'east_asia'),
	('TWD', 'NT$', 100, 2, 'zh-TW', 'east_asia'),
	('KHR', '៛', 100, 2, 'km-KH', 'southeast_asia'),
	('LAK', '₭', 100, 2, 'lo-LA', 'southeast_asia'),
	('MMK', 'K', 100, 2, 'my-MM', 'southeast_asia'),
	('PHP', '₱', 100, 2, 'fil-PH', 'southeast_asia'),
	('SGD', 'S$', 100, 2, 'en-SG', 'southeast_asia'),
	('THB', '฿', 100, 2, 'th-TH', 'southeast_asia'),
	('VND', '₫', 1, 0, 'vi-VN', 'southeast_asia'),
	('AUD', 'A$', 100, 2, 'en-AU', 'oceania'),
	('FJD', 'FJ$', 100, 2, 'en-FJ', 'oceania'),
	('NZD', 'NZ$', 100, 2, 'en-NZ', 'oceania'),
	('PGK', 'K', 100, 2, 'en-PG', 'oceania'),
	('SBD', 'SI$', 100, 2, 'en-SB', 'oceania'),
	('TOP', 'T$', 100, 2, 'to-TO', 'oceania'),
	('BCH', 'BCH', 100000000, 8, 'en-US', 'cryptocurrency'),
	('BTC', '₿', 100000000, 8, 'en-US', 'cryptocurrency'),
	('BTG', 'BTG', 100000000, 8, 'en-US', 'cryptocurrency'),
	('DASH', 'DASH', 100000000, 8, 'en-US', 'cryptocurrency'),
	('EOS', 'EOS', 10000, 4, 'en-US', 'cryptocurrency'),
	('ETH', 'Ξ', 1000000000000000000, 18, 'en-US', 'cryptocurrency'),
	('LTC', 'Ł', 100000000, 8, 'en-US', 'cryptocurrency'),
	('XLM', 'XLM', 10000000, 7, 'en-US', 'cryptocurrency'),
	('XRP', 'XRP', 1000000, 6, 'en-US', 'cryptocurrency'),
	('AED', 'AED', 100, 2, 'ar-AE', 'other'),
	('OMR', 'ر.ع.', 1000, 3, 'ar-OM', 'other'),
	('TRY', '₺', 100, 2, 'tr-TR', 'other'),
	('BDT', '৳', 100, 2, 'bn-BD', 'other'),
	('IDR', 'Rp', 100, 2, 'id-ID', 'other'),
	('MYR', 'RM', 100, 2, 'ms-MY', 'other'),
	('EGP', 'E£', 100, 2, 'ar-EG', 'other'),
	('MVR', 'Rf', 100, 2, 'dv-MV', 'other');
