-- Custom SQL migration file, put your code below! --
INSERT INTO "user" ("id", "theme", "oled_mode", "max_horizon", "with_color_grading", "recalc_currency", "default_currency", "explain_currency") VALUES
	('00000000-0000-0000-0000-000000000000', 'auto', false, 3, true, 'USD', 'USD', true);
--> statement-breakpoint
INSERT INTO "categories" ("id", "color", "emoji", "title") VALUES
	('c1e7f8d6-4b2a-4f9e-8a7c-3d5e9f2b8c1a', '#f0932b', '🤖', 'AI'),
	('a2d8e5f1-9c3b-4e7f-9b8d-2c6f7e1a5d9c', '#be2edd', '🎨', 'Creativity'),
	('f3b9c4e2-5d7a-4c8e-8f9b-1a4d6e3c7b5f', '#6ab04c', '📚', 'Education'),
	('e4a5d7f3-8b1c-4f6e-9c2d-5e8f1a7b4c9e', '#ff7979', '🎮', 'Entertainment'),
	('d5c8e1f4-2a9b-4e3f-8d7c-6f9e2b5a8c1d', '#30336b', '🍔', 'Food'),
	('b6f2a9e5-7c4d-4b8f-9e1a-3c5d7f8b2a6e', '#f9ca24', '👨💻', 'For Developers'),
	('c7e3d8f1-1b5a-4f9c-8e2d-4a6f9c3e7b1c', '#eb4d4b', '☁️', 'Hosting & SaaS'),
	('a8d4f2e7-6c9b-4e1f-9d8a-2e5c8f1a4d7b', '#22a6b3', '📚', 'Magazines'),
	('f9e1c5d8-3a7b-4f6e-8c9d-1d4e7a2f5c8b', '#4834d4', '🎯', 'Many-in-One'),
	('e1a6f9c2-8d4b-4e7f-9a5c-3f8e1d6a9c2e', '#badc58', '💬', 'Messengers'),
	('d2b7e8f5-9a3c-4f1e-8d6b-5c9f2e7a8d1b', '#686de0', '💰', 'Monetization Platforms'),
	('c3f8d1e6-4b7a-4e9f-9c2d-6a1e4f7c8b3d', '#e056fd', '🎵', 'Music'),
	('b4e9f2d7-5c8a-4f3e-8b1d-7f2c5e9a4b8f', '#f6e58d', '🔧', 'Utilities'),
	('a5d1e8f3-6b9c-4e7f-9a4d-8e3f6a1c5d9b', '#7ed6df', '🎬', 'Video'),
	('f6c2d9e4-7a8b-4f5e-8c3d-9f6e2a5c8b1f', '#ffbe76', '🔒', 'VPN');
--> statement-breakpoint
INSERT INTO "tenders" ("id", "emoji", "comment", "color", "is_card", "title") VALUES
	('64A560AB-3628-4AD6-8C7D-40CD6A276D01', '💸', '', '#007F73', false, 'PayPal'),
	('8E10EA47-2C03-4E55-B80C-A7E1F1BAB230', '🍎', '', '#000000', false, 'Apple Pay'),
	('E9CC47EB-A985-4A35-AAAF-4E504D4291D1', '💳', '', '#007F73', true, 'Credit Card'),
	('4D789C2C-7F32-47C8-9FA0-B0CE028981A2', '💳', '', '#007F73', true, 'Debit Card');
--> statement-breakpoint
INSERT INTO "services" ("id", "slug", "title", "color", "aliases", "category_id") VALUES
	('20AEAAA4-046B-41CD-AB93-21FA606B6353', 'adguard', 'AdGuard', '#68B27A', '["адгард"]', 'b4e9f2d7-5c8a-4f3e-8b1d-7f2c5e9a4b8f'),
	('5FC33A9A-5080-4657-AE7A-C130C26951A4', 'adobe', 'Adobe', '#D93731', '[]', 'a2d8e5f1-9c3b-4e7f-9b8d-2c6f7e1a5d9c'),
	('584AFED2-245C-41B7-9ABA-8FE8F4F7366D', 'aeza', 'Aeza', '#FEFEFE', '["аеза"]', 'c7e3d8f1-1b5a-4f9c-8e2d-4a6f9c3e7b1c'),
	('997EFA52-54CC-40FA-8A43-F6A060F27F42', 'amazon-prime', 'Amazon Prime', '#000000', '[]', 'f9e1c5d8-3a7b-4f6e-8c9d-1d4e7a2f5c8b'),
	('62192D00-13B5-4D45-A45B-9132000B1431', 'anime365', 'Anime365', '#B3CA47', '["аниме","365"]', 'a5d1e8f3-6b9c-4e7f-9a4d-8e3f6a1c5d9b'),
	('BEF0889C-45A2-4205-864D-009418DB03A3', 'apple-music', 'Apple Music', '#E94E4C', '["эпл","музыка"]', 'c3f8d1e6-4b7a-4e9f-9c2d-6a1e4f7c8b3d'),
	('D61BD152-AD2F-4E44-B6A9-9630A5831F17', 'apple-one', 'Apple One', '#7E797F', '[]', 'f9e1c5d8-3a7b-4f6e-8c9d-1d4e7a2f5c8b'),
	('4A75C00B-8989-46CE-B8DA-C44E44B5810C', 'apple-tv-plus', 'Apple TV+', '#000000', '["тв"]', 'a5d1e8f3-6b9c-4e7f-9a4d-8e3f6a1c5d9b'),
	('DE5A782C-81D3-4B11-B294-74C265130841', 'aws', 'AWS', '#EF9E38', '["авс","амазон"]', 'c7e3d8f1-1b5a-4f9c-8e2d-4a6f9c3e7b1c'),
	('BCFB1C7D-11C5-48BA-9FE5-97AE28167637', 'boosty', 'Boosty', '#DF703D', '["бусти"]', 'd2b7e8f5-9a3c-4f1e-8d6b-5c9f2e7a8d1b'),
	('D2D4B349-14FA-4706-9459-00E81AEA5602', 'chatgpt', 'ChatGPT', '#4AA081', '[]', 'c1e7f8d6-4b2a-4f9e-8a7c-3d5e9f2b8c1a'),
	('DBEEDCC3-3B85-49D3-8D28-FD17E9A06C30', 'claude', 'Claude', '#CE985E', '[]', 'c1e7f8d6-4b2a-4f9e-8a7c-3d5e9f2b8c1a'),
	('52BF23D6-64DB-46A1-9642-E4C05D4B1432', 'coursehunter', 'Coursehunter', '#000000', '[]', 'f3b9c4e2-5d7a-4c8e-8f9b-1a4d6e3c7b5f'),
	('EE5CEFC2-0CAE-44F3-9A9D-76C8F600C753', 'coursetrain', 'Coursetrain', '#252A2F', '[]', 'f3b9c4e2-5d7a-4c8e-8f9b-1a4d6e3c7b5f'),
	('EA85A15D-D227-4889-8591-1D16B4E37DA2', 'crunchyroll', 'Crunchyroll', '#ED752F', '["кранчиролл","аниме"]', 'a5d1e8f3-6b9c-4e7f-9a4d-8e3f6a1c5d9b'),
	('25C8EAB5-4D3C-4BF7-86ED-7B3E297C25EB', 'curiosity-stream', 'Curiosity Stream', '#E5C050', '["куриосити"]', 'a5d1e8f3-6b9c-4e7f-9a4d-8e3f6a1c5d9b'),
	('974F80D0-A1F9-4E73-B38D-F177D762C44B', 'cyberghost', 'CyberGhost', '#F7CE45', '[]', 'f6c2d9e4-7a8b-4f5e-8c3d-9f6e2a5c8b1f'),
	('7116B37C-151A-45EC-A0A8-A3F6E7250045', 'deezer', 'Deezer', '#953FF4', '["дизер"]', 'c3f8d1e6-4b7a-4e9f-9c2d-6a1e4f7c8b3d'),
	('7EAECB39-6CD3-42C7-A1CC-F1EA6F20ED90', 'dev', 'DEV', '#000000', '["дев"]', 'a8d4f2e7-6c9b-4e1f-9d8a-2e5c8f1a4d7b'),
	('51F39B98-13D8-4B76-82E8-2962B816DCCC', 'digital-ocean', 'Digital Ocean', '#000000', '["океан"]', 'c7e3d8f1-1b5a-4f9c-8e2d-4a6f9c3e7b1c'),
	('8C4AC779-4C7C-4F78-8131-7ECF7EA9B0E3', 'discord', 'Discord', '#5C66E2', '[]', 'e4a5d7f3-8b1c-4f6e-9c2d-5e8f1a7b4c9e'),
	('BC369E5D-93FE-4AE2-BA75-5CD8146FF61D', 'discovery-plus', 'Discovery+', '#FFFFFF', '["дискавери"]', 'a5d1e8f3-6b9c-4e7f-9a4d-8e3f6a1c5d9b'),
	('2C9426EC-14BF-454A-97A5-E5911515D519', 'disney-plus', 'Disney+', '#020B3D', '["дисней"]', 'a5d1e8f3-6b9c-4e7f-9a4d-8e3f6a1c5d9b'),
	('0F153758-F452-4247-9749-60CCE43BFBF6', 'express-vpn', 'Express VPN', '#B73634', '[]', 'f6c2d9e4-7a8b-4f5e-8c3d-9f6e2a5c8b1f'),
	('222B407A-D27A-43DE-B1B1-E4854AD25DC8', 'github', 'GitHub', '#0E1116', '[]', 'b6f2a9e5-7c4d-4b8f-9e1a-3c5d7f8b2a6e'),
	('B317EB9F-C3CD-47AC-8656-438F4DC95094', 'gitkraken', 'GitKraken', '#448F87', '[]', 'b6f2a9e5-7c4d-4b8f-9e1a-3c5d7f8b2a6e'),
	('51683DE5-C1B1-4FA4-87B9-F5CF19E75CD3', 'glovo', 'Glovo Prime', '#F3C366', '["глово"]', 'd5c8e1f4-2a9b-4e3f-8d7c-6f9e2b5a8c1d'),
	('2271BCA9-01F5-4ACE-ABED-06969D6ED5AF', 'google-one', 'Google One', '#FFFFFF', '[]', 'f9e1c5d8-3a7b-4f6e-8c9d-1d4e7a2f5c8b'),
	('F9E88496-8163-42BE-9862-928A1BBB1B92', 'hbo-max', 'HBO Max', '#6920D1', '["хбо"]', 'a5d1e8f3-6b9c-4e7f-9a4d-8e3f6a1c5d9b'),
	('C961CB04-3165-4AF8-9D5F-DF83FC5BB5DF', 'heroku', 'Heroku', '#3E0692', '["хероку"]', 'c7e3d8f1-1b5a-4f9c-8e2d-4a6f9c3e7b1c'),
	('00C16922-5D16-4696-8CE3-9E6613642E86', 'hostinger', 'Hostinger', '#634EBC', '["хостингер"]', 'c7e3d8f1-1b5a-4f9c-8e2d-4a6f9c3e7b1c'),
	('E71328E3-5FDD-4CCC-A90B-BBFAFE464222', 'hostkey', 'Hostkey', '#C46F49', '["хосткей","хостки"]', 'c7e3d8f1-1b5a-4f9c-8e2d-4a6f9c3e7b1c'),
	('8CEAA5D8-6941-48E2-B44C-5C3415289820', 'hulu', 'Hulu', '#6DE48B', '["хулу"]', 'a5d1e8f3-6b9c-4e7f-9a4d-8e3f6a1c5d9b'),
	('5E312240-6513-4975-8BCD-F8E4D76B44D3', 'inferno-solutions', 'Inferno Solutions', '#000000', '["инферно"]', 'c7e3d8f1-1b5a-4f9c-8e2d-4a6f9c3e7b1c'),
	('2D43629E-72C4-4323-8F2A-4EE362CC8E5F', 'ip-vanish', 'IPVanish', '#80BB56', '["ип ваниш"]', 'f6c2d9e4-7a8b-4f5e-8c3d-9f6e2a5c8b1f'),
	('3EF4615F-2541-4165-A8F4-9C0EA0F6E2A7', 'ivi', 'Иви', '#EA334C', '["ivi"]', 'a5d1e8f3-6b9c-4e7f-9a4d-8e3f6a1c5d9b'),
	('B67107B1-276F-45F3-8CE5-3B951158E4A1', 'kagi', 'Kagi', '#F3B644', '["каги"]', 'b4e9f2d7-5c8a-4f3e-8b1d-7f2c5e9a4b8f'),
	('C774C3FA-DE87-44F7-A4BF-1B7BA94E0091', 'kinopoisk', 'Кинопоиск', '#EB662B', '["kinopoisk"]', 'a5d1e8f3-6b9c-4e7f-9a4d-8e3f6a1c5d9b'),
	('EE57B1D8-8241-4887-A3F4-647D5948D6A5', 'knownhost', 'KnownHost', '#CF3C32', '[]', 'c7e3d8f1-1b5a-4f9c-8e2d-4a6f9c3e7b1c'),
	('10DFB982-32C6-4FF3-BE32-6CF0E5F35AB3', 'linode', 'Linode', '#000000', '[]', 'c7e3d8f1-1b5a-4f9c-8e2d-4a6f9c3e7b1c'),
	('017CB984-C585-4F62-8711-83950CD633BA', 'maxon', 'Maxon', '#BD3630', '[]', 'a2d8e5f1-9c3b-4e7f-9b8d-2c6f7e1a5d9c'),
	('9202FC1B-0F8E-43AC-8283-1AD41A047DC7', 'medium', 'Medium', '#000000', '["медиум"]', 'a8d4f2e7-6c9b-4e1f-9d8a-2e5c8f1a4d7b'),
	('998E80A3-1902-425D-A563-616CD821529C', 'mega', 'Mega', '#C93A38', '["мега"]', 'b4e9f2d7-5c8a-4f3e-8b1d-7f2c5e9a4b8f'),
	('FC725B89-C4B5-4376-8B31-542DFFEADEF8', 'namecheap', 'Namecheap', '#EA5D29', '["неймчип"]', 'c7e3d8f1-1b5a-4f9c-8e2d-4a6f9c3e7b1c'),
	('F7348EA0-6C3C-44EB-8C4B-34701856A63F', 'netflix', 'Netflix', '#D12E25', '["нетфликс"]', 'a5d1e8f3-6b9c-4e7f-9a4d-8e3f6a1c5d9b'),
	('2D4691F6-F83C-48B6-9AA5-FD5182614E15', 'nexcess', 'Nexcess', '#4FADEB', '[]', 'c7e3d8f1-1b5a-4f9c-8e2d-4a6f9c3e7b1c'),
	('EFCC01E6-C5F4-431E-9302-CA3F9C7EF5BA', 'nixihost', 'Nixihost', '#5C92F6', '[]', 'c7e3d8f1-1b5a-4f9c-8e2d-4a6f9c3e7b1c'),
	('FAC902F1-B681-421C-97DD-18131855D551', 'nord-vpn', 'NordVPN', '#5685F6', '[]', 'f6c2d9e4-7a8b-4f5e-8c3d-9f6e2a5c8b1f'),
	('E208F0C3-9909-49A6-9D2B-78612ADB45BE', 'now-tv', 'NOW', '#182423', '[]', 'a5d1e8f3-6b9c-4e7f-9a4d-8e3f6a1c5d9b'),
	('96CD4FCD-6F23-4D25-BF27-DF56926F41F5', 'okko', 'Okko', '#73289E', '["окко"]', 'a5d1e8f3-6b9c-4e7f-9a4d-8e3f6a1c5d9b'),
	('6CB59E74-C912-4218-A8EB-C7F0F811A48A', 'onlyfans', 'OnlyFans', '#00aeec', '["онлифанс"]', 'd2b7e8f5-9a3c-4f1e-8d6b-5c9f2e7a8d1b'),
	('9DB7B63C-490B-425D-8E03-953FC6D43C8E', 'opensubtitles', 'Open Subtitles', '#231F21', '["субтитры"]', 'b4e9f2d7-5c8a-4f3e-8b1d-7f2c5e9a4b8f'),
	('246CEBB2-AA01-474E-925D-183033E569A1', 'paramount-plus', 'Paramount+', '#2962F6', '[]', 'a5d1e8f3-6b9c-4e7f-9a4d-8e3f6a1c5d9b'),
	('1B5A2ACE-7FDB-453B-A91D-27862185EDF1', 'patreon', 'Patreon', '#000000', '["патреон"]', 'd2b7e8f5-9a3c-4f1e-8d6b-5c9f2e7a8d1b'),
	('90EC8A2A-48BE-4DA9-96D3-F30ED83E08AC', 'porkbun', 'Porkbun', '#E27F7B', '["поркбан"]', 'c7e3d8f1-1b5a-4f9c-8e2d-4a6f9c3e7b1c'),
	('9B9567AD-F061-419D-99C9-E5D9D8231300', 'private-internet-access', 'PIA', '#75A55D', '["пиа", "private internet access"]', 'f6c2d9e4-7a8b-4f5e-8c3d-9f6e2a5c8b1f'),
	('5BDB0521-B88C-4D2D-A373-CB81103ABAFB', 'proton', 'Proton', '#654BFB', '["протон"]', 'b4e9f2d7-5c8a-4f3e-8b1d-7f2c5e9a4b8f'),
	('3811E004-7CB8-4B38-9250-6E54BD302D27', 'psn', 'PSN', '#133594', '[]', 'e4a5d7f3-8b1c-4f6e-9c2d-5e8f1a7b4c9e'),
	('245E0BFA-99FA-42A5-B465-6D6D3489B528', 'render', 'Render', '#302D30', '[]', 'c7e3d8f1-1b5a-4f9c-8e2d-4a6f9c3e7b1c'),
	('3687E89A-2EA9-4F2C-A36C-47873F3B4880', 'sketch', 'Sketch', '#302D30', '[]', 'a2d8e5f1-9c3b-4e7f-9b8d-2c6f7e1a5d9c'),
	('360215BA-E518-4D91-9D0E-345138BC9837', 'spotify', 'Spotify', '#67D86F', '["спотифай"]', 'c3f8d1e6-4b7a-4e9f-9c2d-6a1e4f7c8b3d'),
	('10E52F9A-B299-4024-B046-512B7745B994', 'subscribe-star', 'SubscribeStar', '#009587', '[]', 'd2b7e8f5-9a3c-4f1e-8d6b-5c9f2e7a8d1b'),
	('C8A2DD4B-44C2-426B-AF80-200D7F8A77AD', 'surfshark', 'Surfshark', '#3F8698', '[]', 'f6c2d9e4-7a8b-4f5e-8c3d-9f6e2a5c8b1f'),
	('66D32EB4-B401-4B14-BCB8-FF4CB5215C71', 'tailscale', 'Tailscale', '#D0D0D0', '[]', 'f6c2d9e4-7a8b-4f5e-8c3d-9f6e2a5c8b1f'),
	('7EB7D6A8-66D7-43E9-BB40-3FEE75F45647', 'telegram', 'Telegram', '#50A1DE', '[]', 'e1a6f9c2-8d4b-4e7f-9a5c-3f8e1d6a9c2e'),
	('DADFC8DA-919C-4D84-9BB4-F5900CA7110A', 'teso', 'TESO', '#8F805F', '[]', 'e4a5d7f3-8b1c-4f6e-9c2d-5e8f1a7b4c9e'),
	('CA1A03BF-2A30-43F5-8249-9DCE93EEBE53', 'tidal', 'Tidal', '#000000', '["тидал"]', 'c3f8d1e6-4b7a-4e9f-9c2d-6a1e4f7c8b3d'),
	('70E0E9A8-5D35-4AD7-B61A-66EDE3288BDF', 'tunnel-bear', 'TunnelBear', '#D0DF96', '[]', 'f6c2d9e4-7a8b-4f5e-8c3d-9f6e2a5c8b1f'),
	('334AD699-B7BE-4427-A463-EC5B88C46D8B', 'twitch', 'Twitch', '#8749F5', '[]', 'e4a5d7f3-8b1c-4f6e-9c2d-5e8f1a7b4c9e'),
	('43F23A1C-FE3F-4D53-B222-935595E9351E', 'vercel', 'Vercel', '#FFFFFF', '[]', 'c7e3d8f1-1b5a-4f9c-8e2d-4a6f9c3e7b1c'),
	('2AA52EF5-7130-462A-8772-FA7DD0421917', 'vultr', 'Vultr', '#000000', '["вультр"]', 'c7e3d8f1-1b5a-4f9c-8e2d-4a6f9c3e7b1c'),
	('BC4D982B-EA5B-42A9-BB42-C646E2282D7D', 'warp', 'Warp', '#000000', '[]', 'b6f2a9e5-7c4d-4b8f-9e1a-3c5d7f8b2a6e'),
	('9AE1702F-272B-478B-BE14-AD3D048737B8', 'wolt', 'Wolt+', '#3478CD', '["woltplus","вольт","волт"]', 'd5c8e1f4-2a9b-4e3f-8d7c-6f9e2b5a8c1d'),
	('11E50F5F-BC1E-4DDB-89F7-FFCF4ECC0850', 'xbox', 'Xbox', '#387A26', '[]', 'e4a5d7f3-8b1c-4f6e-9c2d-5e8f1a7b4c9e'),
	('88D3E8F7-C048-4A06-9002-DBEADB2C45DE', 'yandex-plus', 'Yandex.Plus', '#8547DD', '[]', 'f9e1c5d8-3a7b-4f6e-8c9d-1d4e7a2f5c8b'),
	('3C94FB17-E2A2-4E34-AF5D-1A2AE610174A', 'youtube-premium', 'Youtube Premium', '#DC3021', '["ютуб"]', 'f9e1c5d8-3a7b-4f6e-8c9d-1d4e7a2f5c8b'),
	('42E93A95-0D18-4F80-8E8C-10F3D2FD296E', 'zume', 'Zume', '#3365F6', '[]', 'c7e3d8f1-1b5a-4f9c-8e2d-4a6f9c3e7b1c');
--> statement-breakpoint
INSERT INTO currencies (id, symbol, denominator, fraction_digits, intl_locale, region) VALUES
('AOA', 'Kz', 100, 2, 'pt-AO', 'africa'),
('BWP', 'P', 100, 2, 'en-BW', 'africa'),
('BIF', 'FBu', 1, 0, 'fr-BI', 'africa'),
('CDF', 'FC', 100, 2, 'fr-CD', 'africa'),
('CVE', '$', 100, 2, 'pt-CV', 'africa'),
('ETB', 'Br', 100, 2, 'am-ET', 'africa'),
('GHS', 'GH₵', 100, 2, 'en-GH', 'africa'),
('KES', 'KSh', 100, 2, 'sw-KE', 'africa'),
('LRD', 'L$', 100, 2, 'en-LR', 'africa'),
('LSL', 'L', 100, 2, 'en-LS', 'africa'),
('MUR', '₨', 100, 2, 'en-MU', 'africa'),
('MWK', 'MK', 100, 2, 'en-MW', 'africa'),
('MZN', 'MT', 100, 2, 'pt-MZ', 'africa'),
('NAD', 'N$', 100, 2, 'en-NA', 'africa'),
('NGN', '₦', 100, 2, 'en-NG', 'africa'),
('RWF', 'FRw', 1, 0, 'rw-RW', 'africa'),
('SCR', '₨', 100, 2, 'en-SC', 'africa'),
('SZL', 'E', 100, 2, 'en-SZ', 'africa'),
('TZS', 'TSh', 100, 2, 'sw-TZ', 'africa'),
('UGX', 'USh', 1, 0, 'en-UG', 'africa'),
('XAF', 'FCFA', 1, 0, 'fr-CM', 'africa'),
('XOF', 'CFA', 1, 0, 'fr-SN', 'africa'),
('ZAR', 'R', 100, 2, 'en-ZA', 'africa'),
('ZMW', 'ZK', 100, 2, 'en-ZM', 'africa'),
('ALL', 'L', 100, 2, 'sq-AL', 'europe'),
('BAM', 'KM', 100, 2, 'bs-BA', 'europe'),
('BGN', 'лв', 100, 2, 'bg-BG', 'europe'),
('CHF', 'CHF', 100, 2, 'de-CH', 'europe'),
('CZK', 'Kč', 100, 2, 'cs-CZ', 'europe'),
('DKK', 'kr', 100, 2, 'da-DK', 'europe'),
('EUR', '€', 100, 2, 'de-DE', 'europe'),
('GEL', '₾', 100, 2, 'ka-GE', 'europe'),
('GIP', '£', 100, 2, 'en-GI', 'europe'),
('HRK', 'kn', 100, 2, 'hr-HR', 'europe'),
('HUF', 'Ft', 100, 2, 'hu-HU', 'europe'),
('ILS', '₪', 100, 2, 'he-IL', 'europe'),
('ISK', 'kr', 1, 0, 'is-IS', 'europe'),
('MDL', 'L', 100, 2, 'ro-MD', 'europe'),
('MKD', 'ден', 100, 2, 'mk-MK', 'europe'),
('NOK', 'kr', 100, 2, 'nb-NO', 'europe'),
('PLN', 'zł', 100, 2, 'pl-PL', 'europe'),
('RON', 'lei', 100, 2, 'ro-RO', 'europe'),
('RSD', 'дин.', 100, 2, 'sr-RS', 'europe'),
('RUB', '₽', 100, 2, 'ru-RU', 'europe'),
('SEK', 'kr', 100, 2, 'sv-SE', 'europe'),
('UAH', '₴', 100, 2, 'uk-UA', 'europe'),
('CAD', 'C$', 100, 2, 'en-CA', 'north_america'),
('MXN', 'MX$', 100, 2, 'es-MX', 'north_america'),
('USD', '$', 100, 2, 'en-US', 'north_america'),
('BZD', 'BZ$', 100, 2, 'en-BZ', 'central_america'),
('CRC', '₡', 100, 2, 'es-CR', 'central_america'),
('GTQ', 'Q', 100, 2, 'es-GT', 'central_america'),
('HNL', 'L', 100, 2, 'es-HN', 'central_america'),
('NIO', 'C$', 100, 2, 'es-NI', 'central_america'),
('PAB', 'B/.', 100, 2, 'es-PA', 'central_america'),
('SVC', '$', 100, 2, 'es-SV', 'central_america'),
('ARS', '$', 100, 2, 'es-AR', 'south_america'),
('BOB', 'Bs.', 100, 2, 'es-BO', 'south_america'),
('BRL', 'R$', 100, 2, 'pt-BR', 'south_america'),
('CLP', '$', 1, 0, 'es-CL', 'south_america'),
('COP', '$', 100, 2, 'es-CO', 'south_america'),
('GYD', 'G$', 100, 2, 'en-GY', 'south_america'),
('PEN', 'S/', 100, 2, 'es-PE', 'south_america'),
('PYG', '₲', 1, 0, 'es-PY', 'south_america'),
('SRD', '$', 100, 2, 'nl-SR', 'south_america'),
('UYU', '$U', 100, 2, 'es-UY', 'south_america'),
('AWG', 'ƒ', 100, 2, 'nl-AW', 'caribbean'),
('BBD', 'Bds$', 100, 2, 'en-BB', 'caribbean'),
('BMD', '$', 100, 2, 'en-BM', 'caribbean'),
('BSD', 'B$', 100, 2, 'en-BS', 'caribbean'),
('CUC', 'CUC$', 100, 2, 'es-CU', 'caribbean'),
('CUP', '₱', 100, 2, 'es-CU', 'caribbean'),
('DOP', 'RD$', 100, 2, 'es-DO', 'caribbean'),
('HTG', 'G', 100, 2, 'fr-HT', 'caribbean'),
('JMD', 'J$', 100, 2, 'en-JM', 'caribbean'),
('KYD', 'CI$', 100, 2, 'en-KY', 'caribbean'),
('TTD', 'TT$', 100, 2, 'en-TT', 'caribbean'),
('XCD', 'EC$', 100, 2, 'en-AG', 'caribbean'),
('AMD', '֏', 100, 2, 'hy-AM', 'central_asia'),
('AZN', '₼', 100, 2, 'az-AZ', 'central_asia'),
('KGS', 'с', 100, 2, 'ky-KG', 'central_asia'),
('KZT', '₸', 100, 2, 'kk-KZ', 'central_asia'),
('TJS', 'ЅМ', 100, 2, 'tg-TJ', 'central_asia'),
('UZS', 'сўм', 100, 2, 'uz-UZ', 'central_asia'),
('INR', '₹', 100, 2, 'hi-IN', 'south_asia'),
('GBP', '£', 100, 2, 'en-GB', 'south_asia'),
('LKR', '₨', 100, 2, 'si-LK', 'south_asia'),
('NPR', '₨', 100, 2, 'ne-NP', 'south_asia'),
('CNH', '¥', 100, 2, 'zh-CN', 'east_asia'),
('CNY', '¥', 100, 2, 'zh-CN', 'east_asia'),
('HKD', 'HK$', 100, 2, 'zh-HK', 'east_asia'),
('JPY', '¥', 1, 0, 'ja-JP', 'east_asia'),
('KRW', '₩', 1, 0, 'ko-KR', 'east_asia'),
('MOP', 'MOP$', 100, 2, 'zh-MO', 'east_asia'),
('TWD', 'NT$', 100, 2, 'zh-TW', 'east_asia'),
('KHR', '៛', 100, 2, 'km-KH', 'southeast_asia'),
('LAK', '₭', 100, 2, 'lo-LA', 'southeast_asia'),
('MMK', 'K', 100, 2, 'my-MM', 'southeast_asia'),
('PHP', '₱', 100, 2, 'fil-PH', 'southeast_asia'),
('SGD', 'S$', 100, 2, 'en-SG', 'southeast_asia'),
('THB', '฿', 100, 2, 'th-TH', 'southeast_asia'),
('VND', '₫', 1, 0, 'vi-VN', 'southeast_asia'),
('AUD', 'A$', 100, 2, 'en-AU', 'oceania'),
('FJD', 'FJ$', 100, 2, 'en-FJ', 'oceania'),
('NZD', 'NZ$', 100, 2, 'en-NZ', 'oceania'),
('PGK', 'K', 100, 2, 'en-PG', 'oceania'),
('SBD', 'SI$', 100, 2, 'en-SB', 'oceania'),
('TOP', 'T$', 100, 2, 'to-TO', 'oceania'),
('BCH', 'BCH', 100000000, 8, 'en-US', 'cryptocurrency'),
('BTC', '₿', 100000000, 8, 'en-US', 'cryptocurrency'),
('BTG', 'BTG', 100000000, 8, 'en-US', 'cryptocurrency'),
('DASH', 'DASH', 100000000, 8, 'en-US', 'cryptocurrency'),
('EOS', 'EOS', 10000, 4, 'en-US', 'cryptocurrency'),
('ETH', 'Ξ', 1000000000000000000, 18, 'en-US', 'cryptocurrency'),
('LTC', 'Ł', 100000000, 8, 'en-US', 'cryptocurrency'),
('XLM', 'XLM', 10000000, 7, 'en-US', 'cryptocurrency'),
('XRP', 'XRP', 1000000, 6, 'en-US', 'cryptocurrency'),
('AED', 'AED', 100, 2, 'ar-AE', 'other'),
('OMR', 'ر.ع.', 1000, 3, 'ar-OM', 'other'),
('TRY', '₺', 100, 2, 'tr-TR', 'other'),
('BDT', '৳', 100, 2, 'bn-BD', 'other'),
('IDR', 'Rp', 100, 2, 'id-ID', 'other'),
('MYR', 'RM', 100, 2, 'ms-MY', 'other'),
('EGP', 'E£', 100, 2, 'ar-EG', 'other'),
('MVR', 'Rf', 100, 2, 'dv-MV', 'other');
