-- Custom SQL migration file, put your code below! --
INSERT INTO "user" ("id", "theme", "oled_mode", "max_horizon", "recalc_currency", "default_currency", "is_unlimited", "accent", "first_day", "ai_enabled") VALUES
  ('00000000-0000-0000-0000-000000000000', 'auto', false, 3, 'USD', 'USD', false, 'orange', 'monday', false);
--> statement-breakpoint
INSERT INTO "categories" ("id", "color", "emoji", "title") VALUES
  ('44444444-0000-0000-0000-000000000001', '#7B68EE', '🎬', 'Video Streaming'),
  ('44444444-0000-0000-0000-000000000002', '#1DB954', '🎵', 'Music'),
  ('44444444-0000-0000-0000-000000000003', '#E74C3C', '🎮', 'Gaming'),
  ('44444444-0000-0000-0000-000000000004', '#795548', '📰', 'News & Reading'),
  ('44444444-0000-0000-0000-000000000005', '#FF6B35', '🤖', 'AI'),
  ('44444444-0000-0000-0000-000000000006', '#3498DB', '📋', 'Productivity'),
  ('44444444-0000-0000-0000-000000000007', '#A855F7', '🎨', 'Design & Creative'),
  ('44444444-0000-0000-0000-000000000008', '#2C3E50', '💻', 'Developer Tools'),
  ('44444444-0000-0000-0000-000000000009', '#8B3A3A', '☁️', 'Hosting & SaaS'),
  ('44444444-0000-0000-0000-000000000010', '#2196F3', '💾', 'Cloud Storage'),
  ('44444444-0000-0000-0000-000000000011', '#FFD700', '🔐', 'VPN & Security'),
  ('44444444-0000-0000-0000-000000000012', '#00BCD4', '💬', 'Communication & Social'),
  ('44444444-0000-0000-0000-000000000013', '#FF9800', '🛒', 'Shopping & Memberships'),
  ('44444444-0000-0000-0000-000000000014', '#4CAF50', '💪', 'Health & Fitness'),
  ('44444444-0000-0000-0000-000000000015', '#FF5722', '🍔', 'Food & Delivery'),
  ('44444444-0000-0000-0000-000000000016', '#009688', '🎓', 'Education'),
  ('44444444-0000-0000-0000-000000000017', '#607D8B', '💳', 'Finance & Insurance'),
  ('44444444-0000-0000-0000-000000000018', '#E91E63', '✨', 'Creator Platforms'),
  ('44444444-0000-0000-0000-000000000019', '#455A64', '🔧', 'Utilities & Bills'),
  ('44444444-0000-0000-0000-000000000020', '#9C27B0', '📦', 'Bundles');
--> statement-breakpoint
INSERT INTO "tenders" ("id", "emoji", "comment", "color", "is_card", "title") VALUES
  ('88888888-0000-0000-0000-000000000001', '💳', '', '#1A1F71', true, 'Credit Card'),
  ('88888888-0000-0000-0000-000000000002', '💳', '', '#1A8F71', true, 'Debit Card'),
  ('88888888-0000-0000-0000-000000000003', '💸', '', '#007F73', false, 'PayPal'),
  ('88888888-0000-0000-0000-000000000004', '🍎', '', '#000000', false, 'Apple Pay'),
  ('88888888-0000-0000-0000-000000000005', '🤖', '', '#4285F4', false, 'Google Pay'),
  ('88888888-0000-0000-0000-000000000006', '📱', '', '#4285F4', false, 'Samsung Pay'),
  ('88888888-0000-0000-0000-000000000007', '🏦', '', '#2C3E50', false, 'Bank Transfer'),
  ('88888888-0000-0000-0000-000000000008', '🪙', '', '#F7931A', false, 'Crypto'),
  ('88888888-0000-0000-0000-000000000009', '🎁', '', '#E74C3C', false, 'Gift Card'),
  ('88888888-0000-0000-0000-000000000011', '💊', '', '#8B3FFD', false, 'YooMoney'),
  ('88888888-0000-0000-0000-000000000012', '🧧', '', '#FFDD2D', false, 'Kaspi'),
  ('88888888-0000-0000-0000-000000000013', '🎟️', '', '#00BFFF', false, 'Alipay'),
  ('88888888-0000-0000-0000-000000000014', '🐲', '', '#07C160', false, 'WeChat Pay'),
  ('88888888-0000-0000-0000-000000000015', '⛓️💥', '', '#635BFF', false, 'Stripe'),
  ('88888888-0000-0000-0000-000000000016', '📨', '', '#3B7BBF', false, 'Direct Debit');
--> statement-breakpoint
INSERT INTO "services" ("id", "slug", "title", "color", "aliases", "category_id") VALUES
  ('55000001-0001-4000-8000-000000000001', 'peacock', 'Peacock', '#000000', '[]', '44444444-0000-0000-0000-000000000001'),
  ('55000001-0001-4000-8000-000000000002', 'mubi', 'MUBI', '#000000', '["муби"]', '44444444-0000-0000-0000-000000000001'),
  ('55000004-0001-4000-8000-000000000001', 'nytimes', 'The New York Times', '#000000', '["nyt"]', '44444444-0000-0000-0000-000000000004'),
  ('55000004-0001-4000-8000-000000000002', 'washpost', 'The Washington Post', '#000000', '[]', '44444444-0000-0000-0000-000000000004'),
  ('55000004-0001-4000-8000-000000000003', 'wsj', 'The Wall Street Journal', '#000000', '[]', '44444444-0000-0000-0000-000000000004'),
  ('55000004-0001-4000-8000-000000000004', 'economist', 'The Economist', '#E3120B', '[]', '44444444-0000-0000-0000-000000000004'),
  ('55000004-0001-4000-8000-000000000005', 'ft', 'Financial Times', '#FFF1E5', '[]', '44444444-0000-0000-0000-000000000004'),
  ('55000004-0001-4000-8000-000000000006', 'bloomberg', 'Bloomberg', '#000000', '[]', '44444444-0000-0000-0000-000000000004'),
  ('55000004-0001-4000-8000-000000000007', 'substack', 'Substack', '#FF6719', '[]', '44444444-0000-0000-0000-000000000004'),
  ('55000004-0001-4000-8000-000000000008', 'the-atlantic', 'The Atlantic', '#000000', '[]', '44444444-0000-0000-0000-000000000004'),
  ('55000004-0001-4000-8000-000000000009', 'apple-news-plus', 'Apple News+', '#FC3158', '[]', '44444444-0000-0000-0000-000000000004'),
  ('55000004-0001-4000-8000-000000000010', 'audible', 'Audible', '#FF9900', '["аудибл"]', '44444444-0000-0000-0000-000000000004'),
  ('55000004-0001-4000-8000-000000000011', 'scribd', 'Scribd', '#1A7BBA', '[]', '44444444-0000-0000-0000-000000000004'),
  ('55000004-0001-4000-8000-000000000012', 'kindle-unlimited', 'Kindle Unlimited', '#FF9900', '["киндл"]', '44444444-0000-0000-0000-000000000004'),
  ('55000004-0001-4000-8000-000000000013', 'storytel', 'Storytel', '#FF6B35', '["сторител"]', '44444444-0000-0000-0000-000000000004'),
  ('55000004-0001-4000-8000-000000000014', 'bookmate', 'Bookmate', '#FF5500', '["букмейт"]', '44444444-0000-0000-0000-000000000004'),
  ('55000004-0001-4000-8000-000000000015', 'blinkist', 'Blinkist', '#05A57D', '[]', '44444444-0000-0000-0000-000000000004'),
  ('55000004-0001-4000-8000-000000000016', 'readly', 'Readly', '#E2003B', '[]', '44444444-0000-0000-0000-000000000004'),
  ('55000004-0001-4000-8000-000000000017', 'magzter', 'Magzter', '#E4002B', '[]', '44444444-0000-0000-0000-000000000004'),
  ('55000004-0001-4000-8000-000000000018', 'pressreader', 'PressReader', '#00A0E1', '[]', '44444444-0000-0000-0000-000000000004'),
  ('55000004-0001-4000-8000-000000000019', 'feedly', 'Feedly', '#2BB24C', '[]', '44444444-0000-0000-0000-000000000004'),
  ('55000004-0001-4000-8000-000000000020', 'pocket', 'Pocket', '#EF4156', '[]', '44444444-0000-0000-0000-000000000004'),
  ('55000004-0001-4000-8000-000000000021', 'instapaper', 'Instapaper', '#000000', '[]', '44444444-0000-0000-0000-000000000004'),
  ('55000004-0001-4000-8000-000000000022', 'flipboard', 'Flipboard', '#E12828', '[]', '44444444-0000-0000-0000-000000000004'),
  ('55000004-0001-4000-8000-000000000023', 'the-athletic', 'The Athletic', '#000000', '[]', '44444444-0000-0000-0000-000000000004'),
  ('55000004-0001-4000-8000-000000000024', 'litres', 'ЛитРес', '#FF6600', '["litres"]', '44444444-0000-0000-0000-000000000004'),
  ('55000004-0001-4000-8000-000000000025', 'mybook', 'MyBook', '#4A90D9', '["майбук"]', '44444444-0000-0000-0000-000000000004'),
  ('55000004-0001-4000-8000-000000000026', 'readwise', 'Readwise', '#FFB800', '[]', '44444444-0000-0000-0000-000000000004'),
  ('55000004-0001-4000-8000-000000000027', 'headway', 'Headway', '#FDE74C', '[]', '44444444-0000-0000-0000-000000000004'),
  ('55000004-0001-4000-8000-000000000028', 'rbc', 'РБК', '#E0162B', '["rbc"]', '44444444-0000-0000-0000-000000000004'),
  ('55000004-0001-4000-8000-000000000029', 'kommersant', 'Коммерсантъ', '#000000', '["kommersant"]', '44444444-0000-0000-0000-000000000004'),
  ('55000004-0001-4000-8000-000000000030', 'meduza', 'Meduza', '#000000', '["медуза"]', '44444444-0000-0000-0000-000000000004'),
  ('55000004-0001-4000-8000-000000000031', 'wired', 'WIRED', '#000000', '[]', '44444444-0000-0000-0000-000000000004'),
  ('55000004-0001-4000-8000-000000000032', 'the-new-yorker', 'The New Yorker', '#000000', '[]', '44444444-0000-0000-0000-000000000004'),
  ('55000004-0001-4000-8000-000000000033', 'national-geographic', 'National Geographic', '#FFCC00', '[]', '44444444-0000-0000-0000-000000000004'),
  ('55000004-0001-4000-8000-000000000034', 'forbes', 'Forbes', '#000000', '[]', '44444444-0000-0000-0000-000000000004'),
  ('55000004-0001-4000-8000-000000000035', 'inoreader', 'Inoreader', '#3F8FDE', '[]', '44444444-0000-0000-0000-000000000004'),
  ('55000004-0001-4000-8000-000000000036', 'kobo-plus', 'Kobo Plus', '#BF0000', '[]', '44444444-0000-0000-0000-000000000004'),
  ('55000004-0001-4000-8000-000000000037', 'le-monde', 'Le Monde', '#000000', '[]', '44444444-0000-0000-0000-000000000004'),
  ('55000004-0001-4000-8000-000000000038', 'der-spiegel', 'Der Spiegel', '#E64415', '[]', '44444444-0000-0000-0000-000000000004'),
  ('55000004-0001-4000-8000-000000000039', 'el-pais', 'El País', '#0077B6', '[]', '44444444-0000-0000-0000-000000000004'),
  ('55000004-0001-4000-8000-000000000040', 'nikkei', 'Nikkei Asia', '#003F87', '[]', '44444444-0000-0000-0000-000000000004'),
  ('55000004-0001-4000-8000-000000000041', 'scmp', 'South China Morning Post', '#FFCC00', '[]', '44444444-0000-0000-0000-000000000004'),
  ('55000004-0001-4000-8000-000000000042', 'techcrunch', 'TechCrunch', '#0A9E01', '[]', '44444444-0000-0000-0000-000000000004'),
  ('55000004-0001-4000-8000-000000000043', 'the-verge', 'The Verge', '#000000', '[]', '44444444-0000-0000-0000-000000000004'),
  ('55000004-0001-4000-8000-000000000044', 'nature', 'Nature', '#000000', '[]', '44444444-0000-0000-0000-000000000004'),
  ('55000004-0001-4000-8000-000000000045', 'the-information', 'The Information', '#000000', '[]', '44444444-0000-0000-0000-000000000004'),
  ('55000004-0001-4000-8000-000000000046', 'ars-technica', 'Ars Technica', '#FF4E00', '[]', '44444444-0000-0000-0000-000000000004'),
  ('55000004-0001-4000-8000-000000000047', 'raindrop', 'Raindrop.io', '#0099FF', '[]', '44444444-0000-0000-0000-000000000004'),
  ('55000004-0001-4000-8000-000000000048', 'matter', 'Matter', '#000000', '[]', '44444444-0000-0000-0000-000000000004'),
  ('55000004-0001-4000-8000-000000000049', 'omnivore', 'Omnivore', '#FFD700', '[]', '44444444-0000-0000-0000-000000000004'),
  ('55000004-0001-4000-8000-000000000050', 'the-guardian', 'The Guardian', '#052962', '[]', '44444444-0000-0000-0000-000000000004'),
  ('55000005-0001-4000-8000-000000000001', 'gemini', 'Gemini', '#4285F4', '["джемини"]', '44444444-0000-0000-0000-000000000005'),
	('55000016-0001-4000-8000-000000000040', 'pimsleur', 'Pimsleur', '#000000', '[]', '44444444-0000-0000-0000-000000000016'),
	('55000016-0001-4000-8000-000000000041', 'coloso', 'Coloso', '#000000', '[]', '44444444-0000-0000-0000-000000000016'),
	('55000016-0001-4000-8000-000000000042', 'a-cloud-guru', 'A Cloud Guru', '#BE2523', '[]', '44444444-0000-0000-0000-000000000016'),
	('55000016-0001-4000-8000-000000000043', 'educative', 'Educative', '#1E3A5F', '[]', '44444444-0000-0000-0000-000000000016'),
	('55000016-0001-4000-8000-000000000044', 'magoosh', 'Magoosh', '#63C76A', '[]', '44444444-0000-0000-0000-000000000016'),
	('55000016-0001-4000-8000-000000000045', 'course-hero', 'Course Hero', '#10A37F', '[]', '44444444-0000-0000-0000-000000000016'),
	('55000016-0001-4000-8000-000000000046', 'alura', 'Alura', '#0D1117', '[]', '44444444-0000-0000-0000-000000000016'),
	('3C94FB17-E2A2-4E34-AF5D-1A2AE610174A', 'youtube-premium', 'Youtube Premium', '#DC3021', '["ютуб"]', '44444444-0000-0000-0000-000000000020'),
	('42E93A95-0D18-4F80-8E8C-10F3D2FD296E', 'zume', 'Zume', '#3365F6', '[]', '44444444-0000-0000-0000-000000000009');
--> statement-breakpoint
INSERT INTO currencies (id, symbol, denominator, fraction_digits, intl_locale, region) VALUES
	('AOA', 'Kz', 100, 2, 'pt-AO', 'africa'),
	('BWP', 'P', 100, 2, 'en-BW', 'africa'),
	('BIF', 'FBu', 1, 0, 'fr-BI', 'africa'),
	('CDF', 'FC', 100, 2, 'fr-CD', 'africa'),
	('CVE', '$', 100, 2, 'pt-CV', 'africa'),
	('ETB', 'Br', 100, 2, 'am-ET', 'africa'),
	('GHS', 'GH₵', 100, 2, 'en-GH', 'africa'),
	('KES', 'KSh', 100, 2, 'sw-KE', 'africa'),
	('LRD', 'L$', 100, 2, 'en-LR', 'africa'),
	('LSL', 'L', 100, 2, 'en-LS', 'africa'),
	('MUR', '₨', 100, 2, 'en-MU', 'africa'),
	('MWK', 'MK', 100, 2, 'en-MW', 'africa'),
	('MZN', 'MT', 100, 2, 'pt-MZ', 'africa'),
	('NAD', 'N$', 100, 2, 'en-NA', 'africa'),
	('NGN', '₦', 100, 2, 'en-NG', 'africa'),
	('RWF', 'FRw', 1, 0, 'rw-RW', 'africa'),
	('SCR', '₨', 100, 2, 'en-SC', 'africa'),
	('SZL', 'E', 100, 2, 'en-SZ', 'africa'),
	('TZS', 'TSh', 100, 2, 'sw-TZ', 'africa'),
	('UGX', 'USh', 1, 0, 'en-UG', 'africa'),
	('XAF', 'FCFA', 1, 0, 'fr-CM', 'africa'),
	('XOF', 'CFA', 1, 0, 'fr-SN', 'africa'),
	('ZAR', 'R', 100, 2, 'en-ZA', 'africa'),
	('ZMW', 'ZK', 100, 2, 'en-ZM', 'africa'),
	('ALL', 'L', 100, 2, 'sq-AL', 'europe'),
	('BAM', 'KM', 100, 2, 'bs-BA', 'europe'),
	('BGN', 'лв', 100, 2, 'bg-BG', 'europe'),
	('CHF', 'CHF', 100, 2, 'de-CH', 'europe'),
	('CZK', 'Kč', 100, 2, 'cs-CZ', 'europe'),
	('DKK', 'kr', 100, 2, 'da-DK', 'europe'),
	('EUR', '€', 100, 2, 'de-DE', 'europe'),
	('GEL', '₾', 100, 2, 'ka-GE', 'europe'),
	('GIP', '£', 100, 2, 'en-GI', 'europe'),
	('HRK', 'kn', 100, 2, 'hr-HR', 'europe'),
	('HUF', 'Ft', 100, 2, 'hu-HU', 'europe'),
	('ILS', '₪', 100, 2, 'he-IL', 'europe'),
	('ISK', 'kr', 1, 0, 'is-IS', 'europe'),
	('MDL', 'L', 100, 2, 'ro-MD', 'europe'),
	('MKD', 'ден', 100, 2, 'mk-MK', 'europe'),
	('NOK', 'kr', 100, 2, 'nb-NO', 'europe'),
	('PLN', 'zł', 100, 2, 'pl-PL', 'europe'),
	('RON', 'lei', 100, 2, 'ro-RO', 'europe'),
	('RSD', 'дин.', 100, 2, 'sr-RS', 'europe'),
	('RUB', '₽', 100, 2, 'ru-RU', 'europe'),
	('SEK', 'kr', 100, 2, 'sv-SE', 'europe'),
	('UAH', '₴', 100, 2, 'uk-UA', 'europe'),
	('CAD', 'C$', 100, 2, 'en-CA', 'north_america'),
	('MXN', 'MX$', 100, 2, 'es-MX', 'north_america'),
	('USD', '$', 100, 2, 'en-US', 'north_america'),
	('BZD', 'BZ$', 100, 2, 'en-BZ', 'central_america'),
	('CRC', '₡', 100, 2, 'es-CR', 'central_america'),
	('GTQ', 'Q', 100, 2, 'es-GT', 'central_america'),
	('HNL', 'L', 100, 2, 'es-HN', 'central_america'),
	('NIO', 'C$', 100, 2, 'es-NI', 'central_america'),
	('PAB', 'B/.', 100, 2, 'es-PA', 'central_america'),
	('SVC', '$', 100, 2, 'es-SV', 'central_america'),
	('ARS', '$', 100, 2, 'es-AR', 'south_america'),
	('BOB', 'Bs.', 100, 2, 'es-BO', 'south_america'),
	('BRL', 'R$', 100, 2, 'pt-BR', 'south_america'),
	('CLP', '$', 1, 0, 'es-CL', 'south_america'),
	('COP', '$', 100, 2, 'es-CO', 'south_america'),
	('GYD', 'G$', 100, 2, 'en-GY', 'south_america'),
	('PEN', 'S/', 100, 2, 'es-PE', 'south_america'),
	('PYG', '₲', 1, 0, 'es-PY', 'south_america'),
	('SRD', '$', 100, 2, 'nl-SR', 'south_america'),
	('UYU', '$U', 100, 2, 'es-UY', 'south_america'),
	('AWG', 'ƒ', 100, 2, 'nl-AW', 'caribbean'),
	('BBD', 'Bds$', 100, 2, 'en-BB', 'caribbean'),
	('BMD', '$', 100, 2, 'en-BM', 'caribbean'),
	('BSD', 'B$', 100, 2, 'en-BS', 'caribbean'),
	('CUC', 'CUC$', 100, 2, 'es-CU', 'caribbean'),
	('CUP', '₱', 100, 2, 'es-CU', 'caribbean'),
	('DOP', 'RD$', 100, 2, 'es-DO', 'caribbean'),
	('HTG', 'G', 100, 2, 'fr-HT', 'caribbean'),
	('JMD', 'J$', 100, 2, 'en-JM', 'caribbean'),
	('KYD', 'CI$', 100, 2, 'en-KY', 'caribbean'),
	('TTD', 'TT$', 100, 2, 'en-TT', 'caribbean'),
	('XCD', 'EC$', 100, 2, 'en-AG', 'caribbean'),
	('AMD', '֏', 100, 2, 'hy-AM', 'central_asia'),
	('AZN', '₼', 100, 2, 'az-AZ', 'central_asia'),
	('KGS', 'с', 100, 2, 'ky-KG', 'central_asia'),
	('KZT', '₸', 100, 2, 'kk-KZ', 'central_asia'),
	('TJS', 'ЅМ', 100, 2, 'tg-TJ', 'central_asia'),
	('UZS', 'сўм', 100, 2, 'uz-UZ', 'central_asia'),
	('INR', '₹', 100, 2, 'hi-IN', 'south_asia'),
	('GBP', '£', 100, 2, 'en-GB', 'south_asia'),
	('LKR', '₨', 100, 2, 'si-LK', 'south_asia'),
	('NPR', '₨', 100, 2, 'ne-NP', 'south_asia'),
	('CNH', '¥', 100, 2, 'zh-CN', 'east_asia'),
	('CNY', '¥', 100, 2, 'zh-CN', 'east_asia'),
	('HKD', 'HK$', 100, 2, 'zh-HK', 'east_asia'),
	('JPY', '¥', 1, 0, 'ja-JP', 'east_asia'),
	('KRW', '₩', 1, 0, 'ko-KR', 'east_asia'),
	('MOP', 'MOP$', 100, 2, 'zh-MO', 'east_asia'),
	('TWD', 'NT$', 100, 2, 'zh-TW', 'east_asia'),
	('KHR', '៛', 100, 2, 'km-KH', 'southeast_asia'),
	('LAK', '₭', 100, 2, 'lo-LA', 'southeast_asia'),
	('MMK', 'K', 100, 2, 'my-MM', 'southeast_asia'),
	('PHP', '₱', 100, 2, 'fil-PH', 'southeast_asia'),
	('SGD', 'S$', 100, 2, 'en-SG', 'southeast_asia'),
	('THB', '฿', 100, 2, 'th-TH', 'southeast_asia'),
	('VND', '₫', 1, 0, 'vi-VN', 'southeast_asia'),
	('AUD', 'A$', 100, 2, 'en-AU', 'oceania'),
	('FJD', 'FJ$', 100, 2, 'en-FJ', 'oceania'),
	('NZD', 'NZ$', 100, 2, 'en-NZ', 'oceania'),
	('PGK', 'K', 100, 2, 'en-PG', 'oceania'),
	('SBD', 'SI$', 100, 2, 'en-SB', 'oceania'),
	('TOP', 'T$', 100, 2, 'to-TO', 'oceania'),
	('BCH', 'BCH', 100000000, 8, 'en-US', 'cryptocurrency'),
	('BTC', '₿', 100000000, 8, 'en-US', 'cryptocurrency'),
	('BTG', 'BTG', 100000000, 8, 'en-US', 'cryptocurrency'),
	('DASH', 'DASH', 100000000, 8, 'en-US', 'cryptocurrency'),
	('EOS', 'EOS', 10000, 4, 'en-US', 'cryptocurrency'),
	('ETH', 'Ξ', 1000000000000000000, 18, 'en-US', 'cryptocurrency'),
	('LTC', 'Ł', 100000000, 8, 'en-US', 'cryptocurrency'),
	('XLM', 'XLM', 10000000, 7, 'en-US', 'cryptocurrency'),
	('XRP', 'XRP', 1000000, 6, 'en-US', 'cryptocurrency'),
	('AED', 'AED', 100, 2, 'ar-AE', 'other'),
	('OMR', 'ر.ع.', 1000, 3, 'ar-OM', 'other'),
	('TRY', '₺', 100, 2, 'tr-TR', 'other'),
	('BDT', '৳', 100, 2, 'bn-BD', 'other'),
	('IDR', 'Rp', 100, 2, 'id-ID', 'other'),
	('MYR', 'RM', 100, 2, 'ms-MY', 'other'),
	('EGP', 'E£', 100, 2, 'ar-EG', 'other'),
	('MVR', 'Rf', 100, 2, 'dv-MV', 'other');
