INSERT INTO `currencies` (`id`, `symbol`, `is_favorite`) VALUES
	-- Albania (Lek)
	('ALL', 'L', false),

	-- United States (US Dollar)
	('USD', '$', true),

	-- European Union (Euro)
	('EUR', '€', true),

	-- Angola (Kwanza)
	('AOA', 'Kz', false),

	-- East Caribbean (East Caribbean Dollar)
	('XCD', '$', false),

	-- Argentina (Argentine Peso)
	('ARS', '$', false),

	-- Armenia (Armenian Dram)
	('AMD', '֏', false),

	-- Aruba (Aruban Florin)
	('AWG', 'ƒ', false),

	-- Australia (Australian Dollar)
	('AUD', '$', false),

	-- Azerbaijan (Azerbaijan Manat)
	('AZN', '₼', false),

	-- Bahamas (Bahamian Dollar)
	('BSD', '$', false),

	-- Bangladesh (Taka)
	('BDT', '৳', false),

	-- Barbados (Barbados Dollar)
	('BBD', '$', false),

	-- Belarus (Belarusian Ruble)
	('BYN', 'Br', false),

	-- Belize (Belize Dollar)
	('BZD', '$', false),

	-- West Africa (CFA Franc BCEAO)
	('XOF', 'CFA', false),

	-- Bermuda (Bermudian Dollar)
	('BMD', '$', false),

	-- India (Indian Rupee)
	('INR', '₹', false),

	-- Bhutan (Ngultrum)
	('BTN', 'Nu.', false),

	-- Bolivia (Boliviano)
	('BOB', 'Bs.', false),

	-- Bolivia (Mvdol)
	('BOV', 'BOV', false),

	-- Bosnia and Herzegovina (Convertible Mark)
	('BAM', 'КМ', false),

	-- Botswana (Pula)
	('BWP', 'P', false),

	-- Norway (Norwegian Krone)
	('NOK', 'kr', false),

	-- Brazil (Brazilian Real)
	('BRL', 'R$', false),

	-- Brunei (Brunei Dollar)
	('BND', '$', false),

	-- Bulgaria (Bulgarian Lev)
	('BGN', 'лв', false),

	-- Burundi (Burundi Franc)
	('BIF', 'FBu', false),

	-- Cape Verde (Cabo Verde Escudo)
	('CVE', '$', false),

	-- Cambodia (Riel)
	('KHR', '៛', false),

	-- Central Africa (CFA Franc BEAC)
	('XAF', 'FCFA', false),

	-- Canada (Canadian Dollar)
	('CAD', '$', false),

	-- Cayman Islands (Cayman Islands Dollar)
	('KYD', '$', false),

	-- Chile (Chilean Peso)
	('CLP', '$', false),

	-- Chile (Unidad de Fomento)
	('CLF', 'UF', false),

	-- China (Yuan Renminbi)
	('CNY', '¥', false),

	-- Colombia (Colombian Peso)
	('COP', '$', false),

	-- Colombia (Unidad de Valor Real)
	('COU', 'COU', false),

	-- Comoros (Comorian Franc)
	('KMF', 'CF', false),

	-- Congo (Congolese Franc)
	('CDF', 'FC', false),

	-- New Zealand (New Zealand Dollar)
	('NZD', '$', false),

	-- Costa Rica (Costa Rican Colon)
	('CRC', '₡', false),

	-- Cuba (Cuban Peso)
	('CUP', '$', false),

	-- Caribbean (Caribbean Guilder)
	('XCG', 'ƒ', false),

	-- Czech Republic (Czech Koruna)
	('CZK', 'Kč', false),

	-- Denmark (Danish Krone)
	('DKK', 'kr', false),

	-- Djibouti (Djibouti Franc)
	('DJF', 'Fdj', false),

	-- Dominican Republic (Dominican Peso)
	('DOP', '$', false),

	-- El Salvador (El Salvador Colon)
	('SVC', '₡', false),

	-- Eritrea (Nakfa)
	('ERN', 'Nfk', false),

	-- Eswatini (Lilangeni)
	('SZL', 'L', false),

	-- Ethiopia (Ethiopian Birr)
	('ETB', 'Br', false),

	-- Falkland Islands (Falkland Islands Pound)
	('FKP', '£', false),

	-- Fiji (Fiji Dollar)
	('FJD', '$', false),

	-- French Pacific (CFP Franc)
	('XPF', 'F', false),

	-- Gambia (Dalasi)
	('GMD', 'D', false),

	-- Georgia (Lari)
	('GEL', '₾', false),

	-- Ghana (Ghana Cedi)
	('GHS', '₵', false),

	-- Gibraltar (Gibraltar Pound)
	('GIP', '£', false),

	-- Guatemala (Quetzal)
	('GTQ', 'Q', false),

	-- United Kingdom (Pound Sterling)
	('GBP', '£', true),

	-- Guinea (Guinean Franc)
	('GNF', 'FG', false),

	-- Guyana (Guyana Dollar)
	('GYD', '$', false),

	-- Haiti (Gourde)
	('HTG', 'G', false),

	-- Honduras (Lempira)
	('HNL', 'L', false),

	-- Hong Kong (Hong Kong Dollar)
	('HKD', '$', false),

	-- Hungary (Forint)
	('HUF', 'Ft', false),

	-- Iceland (Iceland Krona)
	('ISK', 'kr', false),

	-- Indonesia (Rupiah)
	('IDR', 'Rp', false),

	-- Israel (New Israeli Sheqel)
	('ILS', '₪', false),

	-- Jamaica (Jamaican Dollar)
	('JMD', '$', false),

	-- Japan (Yen)
	('JPY', '¥', true),

	-- Kazakhstan (Tenge)
	('KZT', '₸', true),

	-- Kenya (Kenyan Shilling)
	('KES', 'Sh', false),

	-- North Korea (North Korean Won)
	('KPW', '₩', false),

	-- South Korea (Won)
	('KRW', '₩', false),

	-- Kyrgyzstan (Som)
	('KGS', 'сом', false),

	-- Laos (Lao Kip)
	('LAK', '₭', false),

	-- Lebanon (Lebanese Pound)
	('LBP', 'ل.ل', false),

	-- Lesotho (Loti)
	('LSL', 'L', false),

	-- South Africa (Rand)
	('ZAR', 'R', false),

	-- Liberia (Liberian Dollar)
	('LRD', '$', false),

	-- Switzerland (Swiss Franc)
	('CHF', 'Fr', false),

	-- Macau (Pataca)
	('MOP', 'P', false),

	-- Madagascar (Malagasy Ariary)
	('MGA', 'Ar', false),

	-- Malawi (Malawi Kwacha)
	('MWK', 'MK', false),

	-- Malaysia (Malaysian Ringgit)
	('MYR', 'RM', false),

	-- Maldives (Rufiyaa)
	('MVR', 'ރ.', false),

	-- Mauritania (Ouguiya)
	('MRU', 'UM', false),

	-- Mauritius (Mauritius Rupee)
	('MUR', '₨', false),

	-- Mexico (Mexican Peso)
	('MXN', '$', false),

	-- Mexico (Mexican Unidad de Inversion)
	('MXV', 'UDI', false),

	-- Moldova (Moldovan Leu)
	('MDL', 'L', false),

	-- Mongolia (Tugrik)
	('MNT', '₮', false),

	-- Mozambique (Mozambique Metical)
	('MZN', 'MT', false),

	-- Myanmar (Kyat)
	('MMK', 'K', false),

	-- Namibia (Namibia Dollar)
	('NAD', '$', false),

	-- Nepal (Nepalese Rupee)
	('NPR', '₨', false),

	-- Nicaragua (Cordoba Oro)
	('NIO', 'C$', false),

	-- Nigeria (Naira)
	('NGN', '₦', false),

	-- North Macedonia (Denar)
	('MKD', 'ден', false),

	-- Panama (Balboa)
	('PAB', 'B/.', false),

	-- Papua New Guinea (Kina)
	('PGK', 'K', false),

	-- Paraguay (Guarani)
	('PYG', '₲', false),

	-- Peru (Sol)
	('PEN', 'S/', false),

	-- Philippines (Philippine Peso)
	('PHP', '₱', false),

	-- Poland (Zloty)
	('PLN', 'zł', false),

	-- Romania (Romanian Leu)
	('RON', 'lei', false),

	-- Russia (Russian Ruble)
	('RUB', '₽', true),

	-- Rwanda (Rwanda Franc)
	('RWF', 'FRw', false),

	-- Saint Helena (Saint Helena Pound)
	('SHP', '£', false),

	-- Samoa (Tala)
	('WST', 'T', false),

	-- São Tomé and Príncipe (Dobra)
	('STN', 'Db', false),

	-- Serbia (Serbian Dinar)
	('RSD', 'din', false),

	-- Seychelles (Seychelles Rupee)
	('SCR', '₨', false),

	-- Sierra Leone (Leone)
	('SLE', 'Le', false),

	-- Singapore (Singapore Dollar)
	('SGD', '$', false),

	-- Solomon Islands (Solomon Islands Dollar)
	('SBD', '$', false),

	-- Sri Lanka (Sri Lanka Rupee)
	('LKR', '₨', false),

	-- Suriname (Surinam Dollar)
	('SRD', '$', false),

	-- Sweden (Swedish Krona)
	('SEK', 'kr', false),

	-- Taiwan (New Taiwan Dollar)
	('TWD', '$', false),

	-- Tajikistan (Somoni)
	('TJS', 'ЅМ', false),

	-- Tanzania (Tanzanian Shilling)
	('TZS', 'Sh', false),

	-- Thailand (Baht)
	('THB', '฿', false),

	-- Tonga (Pa'anga)
	('TOP', 'T$', false),

	-- Trinidad and Tobago (Trinidad and Tobago Dollar)
	('TTD', '$', false),

	-- Turkmenistan (Turkmenistan New Manat)
	('TMT', 'T', false),

	-- Turkey (Turkish Lira)
	('TRY', '₺', false),

	-- Uganda (Uganda Shilling)
	('UGX', 'Sh', false),

	-- Ukraine (Hryvnia)
	('UAH', '₴', false),

	-- United States (US Dollar Next day)
	('USN', '$', false),

	-- Uruguay (Peso Uruguayo)
	('UYU', '$', false),

	-- Uruguay (Uruguay Peso en Unidades Indexadas)
	('UYI', 'UI', false),

	-- Uruguay (Unidad Previsional)
	('UYW', 'UP', false),

	-- Uzbekistan (Uzbekistan Sum)
	('UZS', 'сўм', false),

	-- Vanuatu (Vatu)
	('VUV', 'Vt', false),

	-- Venezuela (Bolívar Soberano)
	('VES', 'Bs.S', false),

	-- Venezuela (Bolívar Soberano)
	('VED', 'Bs.D', false),

	-- Vietnam (Dong)
	('VND', '₫', false),

	-- Zambia (Zambian Kwacha)
	('ZMW', 'ZK', false),

	-- Zimbabwe (Zimbabwe Gold)
	('ZWG', 'Z$', false);

INSERT INTO `user` (`recalc_currency`, `default_currency`) VALUES
	('USD', 'USD');

INSERT INTO `categories` (`id`, `title`, `emoji`, `color`) VALUES
	('c1e7f8d6-4b2a-4f9e-8a7c-3d5e9f2b8c1a', 'AI', '🤖', '#f0932b'),
	('a2d8e5f1-9c3b-4e7f-9b8d-2c6f7e1a5d9c', 'Creativity', '🎨', '#be2edd'),
	('f3b9c4e2-5d7a-4c8e-8f9b-1a4d6e3c7b5f', 'Education', '📚', '#6ab04c'),
	('e4a5d7f3-8b1c-4f6e-9c2d-5e8f1a7b4c9e', 'Entertainment', '🎮', '#ff7979'),
	('d5c8e1f4-2a9b-4e3f-8d7c-6f9e2b5a8c1d', 'Food', '🍔', '#30336b'),
	('b6f2a9e5-7c4d-4b8f-9e1a-3c5d7f8b2a6e', 'For Developers', '👨‍💻', '#f9ca24'),
	('c7e3d8f1-1b5a-4f9c-8e2d-4a6f9c3e7b1c', 'Hosting & SaaS', '☁️', '#eb4d4b'),
	('a8d4f2e7-6c9b-4e1f-9d8a-2e5c8f1a4d7b', 'Magazines', '📚', '#22a6b3'),
	('f9e1c5d8-3a7b-4f6e-8c9d-1d4e7a2f5c8b', 'Many-in-One', '🎯', '#4834d4'),
	('e1a6f9c2-8d4b-4e7f-9a5c-3f8e1d6a9c2e', 'Messengers', '💬', '#badc58'),
	('d2b7e8f5-9a3c-4f1e-8d6b-5c9f2e7a8d1b', 'Monetization Platforms', '💰', '#686de0'),
	('c3f8d1e6-4b7a-4e9f-9c2d-6a1e4f7c8b3d', 'Music', '🎵', '#e056fd'),
	('b4e9f2d7-5c8a-4f3e-8b1d-7f2c5e9a4b8f', 'Utilities', '🔧', '#f6e58d'),
	('a5d1e8f3-6b9c-4e7f-9a4d-8e3f6a1c5d9b', 'Video', '🎬', '#7ed6df'),
	('f6c2d9e4-7a8b-4f5e-8c3d-9f6e2a5c8b1f', 'VPN', '🔒', '#ffbe76');

INSERT INTO `payment_methods` (`id`, `title`, `is_card`, `comment`, `color`, `emoji`) VALUES
	('64A560AB-3628-4AD6-8C7D-40CD6A276D01', 'PayPal', false, '', '#007F73', '💸'),
	('8E10EA47-2C03-4E55-B80C-A7E1F1BAB230', 'Apple Pay', false, '', '#000000', '🍎'),
	('E9CC47EB-A985-4A35-AAAF-4E504D4291D1', 'Credit Card', true, '', '#007F73', '💳'),
	('4D789C2C-7F32-47C8-9FA0-B0CE028981A2', 'Debit Card', true, '', '#007F73', '💳');

INSERT INTO `billing_cycles` (`id`, `min`, `max`) VALUES
	('day', 1, 365),
	('week', 1, 52),
	('month', 1, 24),
	('year', 1, 10);

INSERT INTO `apps` (`id`, `slug`, `title`, `color`, `aliases`, `category_id`) VALUES
	('20AEAAA4-046B-41CD-AB93-21FA606B6353', 'adguard', 'AdGuard', '#68B27A', '["адгард"]', 'b4e9f2d7-5c8a-4f3e-8b1d-7f2c5e9a4b8f'),
	('5FC33A9A-5080-4657-AE7A-C130C26951A4', 'adobe', 'Adobe', '#D93731', '[]', 'a2d8e5f1-9c3b-4e7f-9b8d-2c6f7e1a5d9c'),
	('584AFED2-245C-41B7-9ABA-8FE8F4F7366D', 'aeza', 'Aeza', '#FEFEFE', '["аеза"]', 'c7e3d8f1-1b5a-4f9c-8e2d-4a6f9c3e7b1c'),
	('997EFA52-54CC-40FA-8A43-F6A060F27F42', 'amazon-prime', 'AmazonPrime', '#000000', '[]', 'f9e1c5d8-3a7b-4f6e-8c9d-1d4e7a2f5c8b'),
	('62192D00-13B5-4D45-A45B-9132000B1431', 'anime365', 'Anime365', '#B3CA47', '["аниме","365"]', 'a5d1e8f3-6b9c-4e7f-9a4d-8e3f6a1c5d9b'),
	('BEF0889C-45A2-4205-864D-009418DB03A3', 'apple-music', 'Apple Music', '#E94E4C', '["эпл","музыка"]', 'c3f8d1e6-4b7a-4e9f-9c2d-6a1e4f7c8b3d'),
	('D61BD152-AD2F-4E44-B6A9-9630A5831F17', 'apple-one', 'AppleOne', '#7E797F', '[]', 'f9e1c5d8-3a7b-4f6e-8c9d-1d4e7a2f5c8b'),
	('4A75C00B-8989-46CE-B8DA-C44E44B5810C', 'apple-tv-plus', 'AppleTV+', '#000000', '["тв"]', 'a5d1e8f3-6b9c-4e7f-9a4d-8e3f6a1c5d9b'),
	('DE5A782C-81D3-4B11-B294-74C265130841', 'aws', 'AWS', '#EF9E38', '["авс","амазон"]', 'c7e3d8f1-1b5a-4f9c-8e2d-4a6f9c3e7b1c'),
	('BCFB1C7D-11C5-48BA-9FE5-97AE28167637', 'boosty', 'Boosty', '#DF703D', '["бусти"]', 'd2b7e8f5-9a3c-4f1e-8d6b-5c9f2e7a8d1b'),
	('D2D4B349-14FA-4706-9459-00E81AEA5602', 'chatgpt', 'ChatGPT', '#4AA081', '[]', 'c1e7f8d6-4b2a-4f9e-8a7c-3d5e9f2b8c1a'),
	('DBEEDCC3-3B85-49D3-8D28-FD17E9A06C30', 'claude', 'Claude', '#CE985E', '[]', 'c1e7f8d6-4b2a-4f9e-8a7c-3d5e9f2b8c1a'),
	('52BF23D6-64DB-46A1-9642-E4C05D4B1432', 'coursehunter', 'Coursehunter', '#000000', '[]', 'f3b9c4e2-5d7a-4c8e-8f9b-1a4d6e3c7b5f'),
	('EE5CEFC2-0CAE-44F3-9A9D-76C8F600C753', 'coursetrain', 'Coursetrain', '#252A2F', '[]', 'f3b9c4e2-5d7a-4c8e-8f9b-1a4d6e3c7b5f'),
	('EA85A15D-D227-4889-8591-1D16B4E37DA2', 'crunchyroll', 'Crunchyroll', '#ED752F', '["кранчиролл","аниме"]', 'a5d1e8f3-6b9c-4e7f-9a4d-8e3f6a1c5d9b'),
	('25C8EAB5-4D3C-4BF7-86ED-7B3E297C25EB', 'curiosity-stream', 'CuriosityStream', '#E5C050', '["куриосити"]', 'a5d1e8f3-6b9c-4e7f-9a4d-8e3f6a1c5d9b'),
	('974F80D0-A1F9-4E73-B38D-F177D762C44B', 'cyberghost', 'CyberGhost', '#F7CE45', '[]', 'f6c2d9e4-7a8b-4f5e-8c3d-9f6e2a5c8b1f'),
	('7116B37C-151A-45EC-A0A8-A3F6E7250045', 'deezer', 'Deezer', '#953FF4', '["дизер"]', 'c3f8d1e6-4b7a-4e9f-9c2d-6a1e4f7c8b3d'),
	('7EAECB39-6CD3-42C7-A1CC-F1EA6F20ED90', 'dev', 'DEV', '#000000', '["дев"]', 'a8d4f2e7-6c9b-4e1f-9d8a-2e5c8f1a4d7b'),
	('51F39B98-13D8-4B76-82E8-2962B816DCCC', 'digital-ocean', 'DigitalOcean', '#000000', '["океан"]', 'c7e3d8f1-1b5a-4f9c-8e2d-4a6f9c3e7b1c'),
	('8C4AC779-4C7C-4F78-8131-7ECF7EA9B0E3', 'discord', 'Discord', '#5C66E2', '[]', 'e4a5d7f3-8b1c-4f6e-9c2d-5e8f1a7b4c9e'),
	('BC369E5D-93FE-4AE2-BA75-5CD8146FF61D', 'discovery-plus', 'Discovery+', '#FFFFFF', '["дискавери"]', 'a5d1e8f3-6b9c-4e7f-9a4d-8e3f6a1c5d9b'),
	('2C9426EC-14BF-454A-97A5-E5911515D519', 'disney-plus', 'Disney+', '#020B3D', '["дисней"]', 'a5d1e8f3-6b9c-4e7f-9a4d-8e3f6a1c5d9b'),
	('0F153758-F452-4247-9749-60CCE43BFBF6', 'express-vpn', 'ExpressVPN', '#B73634', '[]', 'f6c2d9e4-7a8b-4f5e-8c3d-9f6e2a5c8b1f'),
	('222B407A-D27A-43DE-B1B1-E4854AD25DC8', 'github', 'GitHub', '#0E1116', '[]', 'b6f2a9e5-7c4d-4b8f-9e1a-3c5d7f8b2a6e'),
	('B317EB9F-C3CD-47AC-8656-438F4DC95094', 'gitkraken', 'GitKraken', '#448F87', '[]', 'b6f2a9e5-7c4d-4b8f-9e1a-3c5d7f8b2a6e'),
	('51683DE5-C1B1-4FA4-87B9-F5CF19E75CD3', 'glovo', 'Glovo Prime', '#F3C366', '["глово"]', 'd5c8e1f4-2a9b-4e3f-8d7c-6f9e2b5a8c1d'),
	('2271BCA9-01F5-4ACE-ABED-06969D6ED5AF', 'google-one', 'GoogleOne', '#FFFFFF', '[]', 'f9e1c5d8-3a7b-4f6e-8c9d-1d4e7a2f5c8b'),
	('F9E88496-8163-42BE-9862-928A1BBB1B92', 'hbo-max', 'HBOMax', '#6920D1', '["хбо"]', 'a5d1e8f3-6b9c-4e7f-9a4d-8e3f6a1c5d9b'),
	('C961CB04-3165-4AF8-9D5F-DF83FC5BB5DF', 'heroku', 'Heroku', '#3E0692', '["хероку"]', 'c7e3d8f1-1b5a-4f9c-8e2d-4a6f9c3e7b1c'),
	('00C16922-5D16-4696-8CE3-9E6613642E86', 'hostinger', 'Hostinger', '#634EBC', '["хостингер"]', 'c7e3d8f1-1b5a-4f9c-8e2d-4a6f9c3e7b1c'),
	('E71328E3-5FDD-4CCC-A90B-BBFAFE464222', 'hostkey', 'Hostkey', '#C46F49', '["хосткей","хостки"]', 'c7e3d8f1-1b5a-4f9c-8e2d-4a6f9c3e7b1c'),
	('8CEAA5D8-6941-48E2-B44C-5C3415289820', 'hulu', 'Hulu', '#6DE48B', '["хулу"]', 'a5d1e8f3-6b9c-4e7f-9a4d-8e3f6a1c5d9b'),
	('5E312240-6513-4975-8BCD-F8E4D76B44D3', 'inferno-solutions', 'InfernoSolutions', '#000000', '["инферно"]', 'c7e3d8f1-1b5a-4f9c-8e2d-4a6f9c3e7b1c'),
	('2D43629E-72C4-4323-8F2A-4EE362CC8E5F', 'ip-vanish', 'IPVanish', '#80BB56', '[]', 'f6c2d9e4-7a8b-4f5e-8c3d-9f6e2a5c8b1f'),
	('3EF4615F-2541-4165-A8F4-9C0EA0F6E2A7', 'ivi', 'Иви', '#EA334C', '["ivi"]', 'a5d1e8f3-6b9c-4e7f-9a4d-8e3f6a1c5d9b'),
	('B67107B1-276F-45F3-8CE5-3B951158E4A1', 'kagi', 'Kagi', '#F3B644', '["каги"]', 'b4e9f2d7-5c8a-4f3e-8b1d-7f2c5e9a4b8f'),
	('C774C3FA-DE87-44F7-A4BF-1B7BA94E0091', 'kinopoisk', 'Кинопоиск', '#EB662B', '["kinopoisk"]', 'a5d1e8f3-6b9c-4e7f-9a4d-8e3f6a1c5d9b'),
	('EE57B1D8-8241-4887-A3F4-647D5948D6A5', 'knownhost', 'KnownHost', '#CF3C32', '[]', 'c7e3d8f1-1b5a-4f9c-8e2d-4a6f9c3e7b1c'),
	('10DFB982-32C6-4FF3-BE32-6CF0E5F35AB3', 'linode', 'Linode', '#000000', '[]', 'c7e3d8f1-1b5a-4f9c-8e2d-4a6f9c3e7b1c'),
	('017CB984-C585-4F62-8711-83950CD633BA', 'maxon', 'Maxon', '#BD3630', '[]', 'a2d8e5f1-9c3b-4e7f-9b8d-2c6f7e1a5d9c'),
	('9202FC1B-0F8E-43AC-8283-1AD41A047DC7', 'medium', 'Medium', '#000000', '["медиум"]', 'a8d4f2e7-6c9b-4e1f-9d8a-2e5c8f1a4d7b'),
	('998E80A3-1902-425D-A563-616CD821529C', 'mega', 'Mega', '#C93A38', '["мега"]', 'b4e9f2d7-5c8a-4f3e-8b1d-7f2c5e9a4b8f'),
	('FC725B89-C4B5-4376-8B31-542DFFEADEF8', 'namecheap', 'Namecheap', '#EA5D29', '["неймчип"]', 'c7e3d8f1-1b5a-4f9c-8e2d-4a6f9c3e7b1c'),
	('F7348EA0-6C3C-44EB-8C4B-34701856A63F', 'netflix', 'Netflix', '#D12E25', '["нетфликс"]', 'a5d1e8f3-6b9c-4e7f-9a4d-8e3f6a1c5d9b'),
	('2D4691F6-F83C-48B6-9AA5-FD5182614E15', 'nexcess', 'Nexcess', '#4FADEB', '[]', 'c7e3d8f1-1b5a-4f9c-8e2d-4a6f9c3e7b1c'),
	('EFCC01E6-C5F4-431E-9302-CA3F9C7EF5BA', 'nixihost', 'Nixihost', '#5C92F6', '[]', 'c7e3d8f1-1b5a-4f9c-8e2d-4a6f9c3e7b1c'),
	('FAC902F1-B681-421C-97DD-18131855D551', 'nord-vpn', 'NordVPN', '#5685F6', '[]', 'f6c2d9e4-7a8b-4f5e-8c3d-9f6e2a5c8b1f'),
	('E208F0C3-9909-49A6-9D2B-78612ADB45BE', 'now-tv', 'NOW', '#182423', '[]', 'a5d1e8f3-6b9c-4e7f-9a4d-8e3f6a1c5d9b'),
	('96CD4FCD-6F23-4D25-BF27-DF56926F41F5', 'okko', 'Okko', '#73289E', '["окко"]', 'a5d1e8f3-6b9c-4e7f-9a4d-8e3f6a1c5d9b'),
	('6CB59E74-C912-4218-A8EB-C7F0F811A48A', 'onlyfans', 'OnlyFans', '#00aeec', '["онлифанс"]', 'd2b7e8f5-9a3c-4f1e-8d6b-5c9f2e7a8d1b'),
	('9DB7B63C-490B-425D-8E03-953FC6D43C8E', 'opensubtitles', 'AdGuard', '#231F21', '["субтитры"]', 'b4e9f2d7-5c8a-4f3e-8b1d-7f2c5e9a4b8f'),
	('246CEBB2-AA01-474E-925D-183033E569A1', 'paramount-plus', 'Paramount+', '#2962F6', '[]', 'a5d1e8f3-6b9c-4e7f-9a4d-8e3f6a1c5d9b'),
	('1B5A2ACE-7FDB-453B-A91D-27862185EDF1', 'patreon', 'Patreon', '#000000', '["патреон"]', 'd2b7e8f5-9a3c-4f1e-8d6b-5c9f2e7a8d1b'),
	('90EC8A2A-48BE-4DA9-96D3-F30ED83E08AC', 'porkbun', 'Porkbun', '#E27F7B', '["поркбан"]', 'c7e3d8f1-1b5a-4f9c-8e2d-4a6f9c3e7b1c'),
	('9B9567AD-F061-419D-99C9-E5D9D8231300', 'private-internet-access', 'PIA', '#75A55D', '[]', 'f6c2d9e4-7a8b-4f5e-8c3d-9f6e2a5c8b1f'),
	('5BDB0521-B88C-4D2D-A373-CB81103ABAFB', 'proton', 'Proton', '#654BFB', '["протон"]', 'b4e9f2d7-5c8a-4f3e-8b1d-7f2c5e9a4b8f'),
	('3811E004-7CB8-4B38-9250-6E54BD302D27', 'psn', 'PSN', '#133594', '[]', 'e4a5d7f3-8b1c-4f6e-9c2d-5e8f1a7b4c9e'),
	('245E0BFA-99FA-42A5-B465-6D6D3489B528', 'render', 'Render', '#302D30', '[]', 'c7e3d8f1-1b5a-4f9c-8e2d-4a6f9c3e7b1c'),
	('3687E89A-2EA9-4F2C-A36C-47873F3B4880', 'sketch', 'Sketch', '#302D30', '[]', 'a2d8e5f1-9c3b-4e7f-9b8d-2c6f7e1a5d9c'),
	('360215BA-E518-4D91-9D0E-345138BC9837', 'spotify', 'Spotify', '#67D86F', '["спотифай"]', 'c3f8d1e6-4b7a-4e9f-9c2d-6a1e4f7c8b3d'),
	('10E52F9A-B299-4024-B046-512B7745B994', 'subscribe-star', 'SubscribeStar', '#009587', '[]', 'd2b7e8f5-9a3c-4f1e-8d6b-5c9f2e7a8d1b'),
	('C8A2DD4B-44C2-426B-AF80-200D7F8A77AD', 'surfshark', 'Surfshark', '#3F8698', '[]', 'f6c2d9e4-7a8b-4f5e-8c3d-9f6e2a5c8b1f'),
	('66D32EB4-B401-4B14-BCB8-FF4CB5215C71', 'tailscale', 'Tailscale', '#D0D0D0', '[]', 'f6c2d9e4-7a8b-4f5e-8c3d-9f6e2a5c8b1f'),
	('7EB7D6A8-66D7-43E9-BB40-3FEE75F45647', 'telegram', 'Telegram', '#50A1DE', '[]', 'e1a6f9c2-8d4b-4e7f-9a5c-3f8e1d6a9c2e'),
	('DADFC8DA-919C-4D84-9BB4-F5900CA7110A', 'teso', 'TESO', '#8F805F', '[]', 'e4a5d7f3-8b1c-4f6e-9c2d-5e8f1a7b4c9e'),
	('CA1A03BF-2A30-43F5-8249-9DCE93EEBE53', 'tidal', 'Tidal', '#000000', '["тидал"]', 'c3f8d1e6-4b7a-4e9f-9c2d-6a1e4f7c8b3d'),
	('70E0E9A8-5D35-4AD7-B61A-66EDE3288BDF', 'tunnel-bear', 'TunnelBear', '#D0DF96', '[]', 'f6c2d9e4-7a8b-4f5e-8c3d-9f6e2a5c8b1f'),
	('334AD699-B7BE-4427-A463-EC5B88C46D8B', 'twitch', 'Twitch', '#8749F5', '[]', 'e4a5d7f3-8b1c-4f6e-9c2d-5e8f1a7b4c9e'),
	('43F23A1C-FE3F-4D53-B222-935595E9351E', 'vercel', 'Vercel', '#FFFFFF', '[]', 'c7e3d8f1-1b5a-4f9c-8e2d-4a6f9c3e7b1c'),
	('2AA52EF5-7130-462A-8772-FA7DD0421917', 'vultr', 'Vultr', '#000000', '["вультр"]', 'c7e3d8f1-1b5a-4f9c-8e2d-4a6f9c3e7b1c'),
	('BC4D982B-EA5B-42A9-BB42-C646E2282D7D', 'warp', 'Warp', '#000000', '[]', 'b6f2a9e5-7c4d-4b8f-9e1a-3c5d7f8b2a6e'),
	('9AE1702F-272B-478B-BE14-AD3D048737B8', 'wolt', 'Wolt+', '#3478CD', '["woltplus","вольт","волт"]', 'd5c8e1f4-2a9b-4e3f-8d7c-6f9e2b5a8c1d'),
	('11E50F5F-BC1E-4DDB-89F7-FFCF4ECC0850', 'xbox', 'Xbox', '#387A26', '[]', 'e4a5d7f3-8b1c-4f6e-9c2d-5e8f1a7b4c9e'),
	('88D3E8F7-C048-4A06-9002-DBEADB2C45DE', 'yandex-plus', 'Yandex.Plus', '#8547DD', '[]', 'f9e1c5d8-3a7b-4f6e-8c9d-1d4e7a2f5c8b'),
	('3C94FB17-E2A2-4E34-AF5D-1A2AE610174A', 'youtube-premium', 'YouTubePremium', '#DC3021', '[]', 'f9e1c5d8-3a7b-4f6e-8c9d-1d4e7a2f5c8b'),
	('42E93A95-0D18-4F80-8E8C-10F3D2FD296E', 'zume', 'Zume', '#3365F6', '[]', 'c7e3d8f1-1b5a-4f9c-8e2d-4a6f9c3e7b1c');
